Index,Customer Id,First Name,Last Name,Company,City,Country,Phone 1,Phone 2,Email,Subscription Date,Website
1,dE014d010c7ab0c,Andrew,Goodman,StewartFlynn,Rowlandberg,Macao,8467904623x4715,4227872331x71127,marieyatesgomezspencerinfo,20210726,httpwwwsheabiz
2,2B54172c8b65eC3,Alvin,Lane,Terry Proctor and Lawrence,Bethside,Papua New Guinea,1245978652x05682,3214410588x6218,alexandra86mccoycom,20210624,httpwwwpenacolecom
3,d794Dd48988d2ac,Jenna,Harding,Bailey Group,Moniquemouth,China,3359873085x3780,0016802048312,justincurtispierceorg,20200405,httpwwwboothreesebiz
4,3b3Aa4aCc68f3Be,Fernando,Ford,MossMaxwell,Leeborough,Macao,0477523122,0487795035x9122,adeleonhubbardorg,20201129,httpwwwhebertcom
5,D60df62ad2ae41E,Kara,Woods,MccarthyKelley,Port Jacksonland,Nepal,13606934419x19272,1636272565,jesus90robersoninfo,20220422,httpmerrittcom
6,8aaa5d0CE9ee311,Marissa,Gamble,Cherry and Sons,Webertown,Sudan,0016453345514x0786,7519803163,katieallisonleonardcom,20211117,httpwwwkaufmanorg
7,73B22Ac8A43DD1A,Julie,Cooley,Yu Norman and Sharp,West Sandra,Japan,16752437422x9177,7033375903,priscilla88stephensinfo,20220326,httpwwwsextonchangcom
8,DC94CCd993D311b,Lauren,Villa,French Travis and Hensley,New Yolanda,Fiji,0812261797x647,1865409690x605,colehumphreyaustincaldwellcom,20200814,httpswwwkerrcom
9,9Ba746Cb790FED9,Emily,Bryant,Moon Strickland and Combs,East Normanchester,Seychelles,4304015228x35091,1158353840,buckyvonnechurchlutzcom,20201230,httpgrimescom
10,aAa1EDfaA70DA0c,Marie,Estrada,May Inc,Welchton,United Arab Emirates,0016487909244,9737673611,christie44mckenziebiz,20200903,httpswwwsalinasnet
11,bf104C25d0BA4E1,Nichole,Cannon,Rios and Sons,West Devon,Burundi,0647787401,1394761068,blandryhensonharrisbiz,20210426,httpwwwhumphreyorg
12,bf2fA37cbAd7dDc,Bernard,Ritter,Bradford and Sons,West Francisco,Palau,2923131902,0650750554,tammiepopearroyobaldwincom,20220119,httpsellersbiz
13,4fa8ffcdBbf53bB,Darryl,Archer,KerrCherry,Holtfurt,Uganda,3894371716,0923647349x593,woodalejandroskinnersloanbiz,20220418,httpswwwdanielscom
14,aBd960429ecd363,Ryan,Li,Hooper Cross and Holt,Batesville,Liechtenstein,0011197870125x4500,0014772543645,lmasseydukecom,20210306,httpnunezcom
15,2a0c691Ce19C6f3,Vicki,Nunez,Leonard Galvan and Blackburn,Barbaraborough,Haiti,2174740312,0981950840x79579,zgrantsweeneycom,20220130,httpsreynoldscom
16,B58fecf82f997Dd,Sean,Townsend,PrestonSosa,Velasquezberg,Iran,0015342835153,5786415664,lklinemaxwellinfo,20200530,httpwwwvargasbiz
17,41d0201DcF028b5,Sophia,Mathis,RichardVelasquez,Toddhaven,Switzerland,0018587627896x916,2741474185x15182,brockmasonfaulknermaycom,20200123,httpwwwvaughncom
18,B1A1b09CD5C3b6a,Helen,Potts,Rangel Livingston and Patel,Douglasland,Seychelles,1408622659,18752997166,carrollmiadonovankeithcom,20210727,httpwwwkennedyedwardsbiz
19,ba5a73D210dCcE4,Joann,Finley,Harvey PLC,Barrettshire,Montserrat,9417158720x950,1554334824x955,gabriela86sampsoncom,20220411,httpwwwharrellcom
20,F6cD561cecdfA6d,Thomas,Walsh,BestThomas,Roblesport,Kiribati,6793260724,0013050386009,timcolemanfrankkingorg,20200911,httpwwwkanecom
21,dEb9310eec04a8D,Cristina,Lam,WattsAllison,West Jocelynfort,Korea,4292705811,0862537505x70576,charlotte16hoodzhangorg,20200104,httpwhiteheadnet
22,ed3894D6DE7F711,Vicki,Heath,Cherry Schultz and Ruiz,Port Cameronbury,Bangladesh,8893115580x6390,2604379972,alan46benjamincom,20201106,httpswwwbirdcom
23,EFeFaC727F12CDF,Glenn,Wang,WarnerHodge,West Rachael,Gabon,8341046424x8311,0017416289295,anna80matacom,20220101,httpbrookskerrcom
24,c5CB6C5bFB91fdC,Darius,Benitez,Giles LLC,Mejiashire,Jersey,17978643151x25142,1392165379x6030,garrettdurhamolsencom,20220228,httpswashingtoncom
25,C30B3E82E8D89cC,Xavier,Cruz,Wiley Ltd,Mindyborough,Latvia,0194188625x65148,3430785725x91296,andersongrantpughcom,20200207,httpswwwcoheninfo
26,3d7bE19696ea8Ff,Douglas,Galloway,Duffy Inc,Eileenbury,Mongolia,12055282409x137,8018224814,caleb11velazquezcom,20211024,httpwwwmcneilnet
27,A093aA90fa014FE,Phyllis,Becker,Oneal and Sons,East Andre,Bouvet Island Bouvetoya,13215054969,7565212942,darrylshortbrighttuckercom,20200702,httpswwwfarrellcom
28,a470984c5dBfcC4,Ebony,Murphy,BarryMartinez,Atkinsfurt,Vanuatu,7724923142,8776359717,vpowersmoyercom,20200217,httpwwwdorseycom
29,b1d4abfbCb67feE,Tyler,Stevenson,Burns and Sons,North Joannashire,Sri Lanka,0012391758518x52340,5960777972x616,mmayogilbertcom,20220302,httpwwwfryorg
30,d667bCC84Ff45Bb,Cesar,Bernard,PotterHo,Mccormickville,Iraq,1653663660x432,15796402940x529,damon31grantmorrisoncom,20210904,httpsbryanwalterscom
31,Ccb07E00AFf32bA,Darrell,Santos,BooneDawson,Lake Dwayne,Liechtenstein,0016048586371,19612363156x46913,hdanielsmasoncom,20211104,httphammondcom
32,bd04F2A7BD4F730,Amanda,Santiago,RobertsHeath,Benjaminchester,United Arab Emirates,2188033440x413,1810375857,emmarasmussenromanwalterbiz,20210506,httpgillespiecom
33,f1157011c5eDbEB,Marcus,Mcdonald,HaysHowell,East Brad,Azerbaijan,8282301201x748,10441434194x927,cesar71vangwagnercom,20200625,httpswwwwilliamsmclaughlinorg
34,7c4c673af703a09,Lauren,Montes,CohenCopeland,Tonyville,Armenia,0019995857539x536,8382034008x6959,hodgebrendaroachwinterscom,20210506,httpswwwgarciacom
35,E7D7e40Cf3A03a2,Brent,Hinton,Petersen Blackburn and Meyers,Tommyland,Mexico,2100727539x0111,10432996429,greg77patelbiz,20211203,httpaguirrebiz
36,B98BacEebC40DBb,Jill,Mayo,Woodard Haas and Mason,Port Carlside,Cuba,11607473624x8230,7205806452,brandypowerschristensencom,20201004,httpbriggsjohnstoncom
37,d1c0dFab10a8383,Herbert,Byrd,SheppardDougherty,Kimmouth,South Georgia and the South Sandwich Islands,9699811275x78285,8027835805,gilloscarwebbcom,20200209,httpswwwrowlandlyonscom
38,f21D2faCa0760A8,Don,Krueger,Cortez Hester and Villegas,Melendezland,Guinea,3773661889x912,0013792187545x445,trevor14harveycom,20200302,httpwwwcombscom
39,11F97CBDd2C8de9,Cheryl,Gonzales,WaltonDrake,Pittmanmouth,Kenya,9016149714,4943550333,yvette30haasoneillorg,20200226,httpwwwtranjuareznet
40,BEBA4fDAA6C4adC,Rickey,Mays,Escobar Carrillo and Sloan,Hollandshire,United States of America,0429764714x26341,2456575660,cmcdowellrileywolforg,20200101,httpwwwnolancom
41,0F2E0b5850404A8,Cassidy,Dillon,Coleman LLC,New Ebony,Liechtenstein,0014332373081x336,9565811775x97257,patrick43stoutcom,20211219,httpswwwmeyercom
42,6fF3de1DDbeAaE9,Christina,Bautista,Lane Ltd,Lake Don,Turks and Caicos Islands,9646716776,7243240841x953,phenrytatebiz,20201101,httpswarnercom
43,bcE2C6eaAa1d53c,Alexandra,Castro,Wall Clay and Mcintosh,South Lynnton,Swaziland,14693123108x01224,2951943972x6683,swaltersharveybiz,20210411,httpwwwvasquezboyerbiz
44,fb0eaBDA955AE79,Krystal,Mendoza,Logan Boyle and Villegas,West Henry,Panama,0011166617356,0011556467234x7293,mjacksondavidcom,20200909,httpwwwmarksrayinfo
45,1cE4BEcB6F2D2C3,Ivan,Schroeder,Peck Nicholson and Knox,Port Grace,Saint Pierre and Miquelon,5243919866,6266444777x075,qgeorgesinghcom,20200816,httpsmeltonalexanderbiz
46,37a20bF88deF55D,Stephanie,Bradshaw,Tanner LLC,East Paulaville,American Samoa,19342961820x843,3649925769x31100,debbie56bakerolsencom,20220305,httpjimenezbiz
47,EE9381bAEbac1eA,Levi,Grimes,Carpenter Chang and Bass,Frederickfurt,Heard Island and McDonald Islands,13255276948,0012214135502x8170,robertmarkswilliscom,20210612,httpscherrycom
48,7008F9538b6e3e4,Peter,Sosa,Hensley and Sons,Donaldton,Sao Tome and Principe,9837609410x39862,9750826989,frederick02grosscom,20210717,httpwwwchandlerinfo
49,e6D85CcfDE7ABEd,Valerie,Haney,Delgado Rubio and Rose,Harryview,Cuba,0014944989432x8701,3386364041x624,yowensericksoncharlescom,20200322,httpswwwfowleralvaradobiz
50,815D27672C2Ba6d,Tom,Gardner,WernerBean,New Samuel,Barbados,3183566855x56588,2542021771x157,darin81callahancom,20220104,httpyangeverettcom
51,bc9e98FC8e31fB2,Randall,Galloway,Brady Inc,Brightburgh,Isle of Man,7802498976,0015734692316x88660,stuart07reidcom,20201218,httpshatfieldhuffbiz
52,06c9e9caEBf539F,Perry,Whitaker,Odom LLC,North Jocelynberg,Western Sahara,4490502967,15910729759,jennynortonrandallorg,20210427,httpwwwhallcom
53,D02c86e781bA06f,Gloria,Mosley,Calderon Ltd,East Reneefurt,Fiji,2962978174x50153,6291577866x510,escobardeannasawyerobrieninfo,20220506,httpswwwhuberinfo
54,846D8B34aba64a6,Cameron,Little,Howell Group,North Angel,Netherlands,11722274743x55703,9146083410,stephen57sellerscom,20201113,httpscollinsorg
55,305B77b17f60849,Glen,Gonzalez,ZamoraEllis,Lake Isabelberg,Sudan,4944940595,7880753941,jschmidtgardnermaldonadocom,20200721,httpholtmendezinfo
56,610e5F3baCbd25c,Melvin,Day,Alvarez Gaines and Sweeney,Jackbury,Reunion,0011391783697x23267,8622715668x079,sheila46ewingorg,20211222,httpbeckerwarnernet
57,9F0EbC3b678ad6B,Kent,Salinas,Shelton Robinson and Smith,Nicolasfurt,Guatemala,7506617527x2590,4294418601x90778,dustindelgadowestkhancom,20200221,httpswwwmoratapiainfo
58,82dDB5e20CAA2Ce,Stacey,Martinez,Rasmussen Bauer and Lyons,Mauriceview,Uzbekistan,0010704311693x963,5569176571,mikayla38lawsondoughertycom,20200322,httpsnewmantownsendcom
59,b78002FEFF5a860,Jennifer,Fleming,SchaeferChambers,Shepherdfort,Barbados,5349698263,3079298469,stoutalexandriamezacom,20201124,httpmarshcom
60,dFe34eAb8614AC0,Teresa,Oconnell,Mayo Buchanan and Owen,Lake Douglas,Turkmenistan,1045667360x8307,1010403927x72927,hhahncantrellnet,20211204,httpswwwellisonstricklandorg
61,aB3351247D3fCD8,Bruce,Bass,Day Wiley and Mclaughlin,Juarezbury,China,1700945436x7579,10066985103x18954,gvangwoodsinfo,20200810,httpwwwgoodwincom
62,56Df40b19e3c71f,Sarah,Sweeney,MaddenHo,Mejiamouth,Equatorial Guinea,4233935217x1573,5928641515,lauren93danielfarleycom,20200717,httpwwwwelchcom
63,06CF1Fcd5863dF6,Eddie,Salinas,Howard Group,North Frederick,Cook Islands,8092572517,16469383344,franklinweissporternet,20201125,httpswwwjoycecom
64,5DcB42c2f8fBfb5,Trevor,Rowland,Ritter Fox and English,Deanchester,Nigeria,9385012065x13955,6382043216,simpsonravenliucom,20220304,httpnoblebeardcom
65,E3F8a6D1033a2FE,Marcus,Chang,Maynard Lambert and Blake,North Monica,Western Sahara,4790206144x2452,9402965518x52843,deborah61wagnercom,20210520,httpshawcom
66,DA7b906C5aF71d5,Sabrina,Roberts,StewartDiaz,Port Pennyton,Bhutan,2526415581x7135,0016656081332x173,brittneypotterboydcomptoncom,20210110,httpswaltercom
67,ccD94BbaEDBBf9E,Norman,French,BeckerMata,South Emma,Marshall Islands,3647577628x522,5684199088,spearsfrankmcleancom,20210327,httpsmcculloughinfo
68,41C1B4D2C5b91B7,Lonnie,Novak,Hayden Inc,East Malloryville,French Guiana,8103493016,5311977502x296,manuel48raymondnet,20210322,httpwwwknightcom
69,ee5235bbf2A66ef,Casey,Bauer,HoustonWoodard,New Brettfurt,Reunion,0016493604291x70493,8757669023x93863,marilynbenderdaughertynet,20200404,httpscrawfordorg
70,2413aA72C4DEadF,David,Goodman,Macdonald Byrd and Williams,Juliantown,Nigeria,9769966527x679,15628451571x407,ylutzsawyercom,20200715,httpsrhodesellisonorg
71,BA1F1A8E7fccb74,Garrett,Rosario,BeckerTerrell,Marissaland,Philippines,5542995195x7535,2287707282x399,christiegeorgedominguezcom,20210508,httpswwwwrightcom
72,43EB011d4A5af36,Colin,Vaughan,Mooney Reed and Ingram,New Shelleyfort,United States Virgin Islands,1157721697,9214234267,wilsonyvonnemcmillancom,20201008,httpschoicom
73,DDCCa6daDFBAFbc,Maxwell,Griffin,McdowellAdkins,North Kentland,Turkmenistan,5420941063x74771,11190810962,priscillaharrellglasscom,20201001,httpraycom
74,024a3d8Df5abFE9,Diamond,Barnett,Walker Andersen and Reeves,New Patriciamouth,Trinidad and Tobago,7131788679x870,7713215148x65206,gibbsemilyfisherbiz,20220104,httpsmcdowellcomptonbiz
75,6367E110ccF7c2B,Kellie,Munoz,FlynnChapman,New Samantha,Greenland,5973760777x7873,2245418166,lynnboothleachlangcom,20210708,httpwwwmclaughlincom
76,6BdF3DBf9BcD353,Sandy,Finley,ShahHanna,Glasshaven,Kiribati,4923018374,10610388564x38648,hmorabrockcom,20210104,httpswwwestradabiz
77,3e34e04B7F7b76d,Katelyn,Petersen,SolisHardin,South Patricia,Saint Vincent and the Grenadines,8887755334x190,3745518182,santosebonyfoleycom,20210704,httpcarrholdercom
78,ec3cD83Be620f62,Neil,Murray,WashingtonRamirez,East Stephanie,Afghanistan,9150494725x373,15975453394x14627,englishstefaniebrauncom,20220320,httprittercom
79,4DD0C3a8a2f3D8e,Carlos,Wilcox,Vega Yoder and Ayala,East Katelynmouth,Slovenia,4394357502x11237,8616324703,toddloverogersinfo,20211011,httpslittleinfo
80,0EcdF5f157A10BE,Adrienne,Lamb,Henderson Vega and Jensen,South Karl,Gambia,0125881523x479,4969506255x6485,butlerrobertamullenpittmannet,20210503,httpwwwmanncom
81,61AD5B1099Db9d0,Traci,Levy,Simon Flores and Carr,New Erica,Kiribati,18472373203x0302,7806527678,camposherbertlangcom,20220219,httpwwwburkeglovercom
82,fD7FbF8BA88Fff8,Tammy,Harmon,KiddStone,Chaneychester,Yemen,15282202228x19583,3949064205,abigail05mckeeinfo,20200901,httpswwwwalsharchercom
83,2bcF27a9daa2EAA,Nicholas,Arias,YoderBowen,Lake Gavinburgh,Holy See Vatican City State,16509798614x97335,10341646367,boonealexcardenasinfo,20200131,httpwwwwoodcom
84,12Bb4Ba2cB52B89,Sydney,Solis,Wu Strong and Flynn,Welchburgh,Suriname,5912235142x5192,17201054622,ortegashanelicom,20200222,httpsandersonsuarezorg
85,eb8Abc5DB466797,Jody,Beltran,BuchananBarton,Kristihaven,Heard Island and McDonald Islands,18368538086x15445,9641568431,fritzandresmoralesbiz,20200814,httpswwwmartinbiz
86,8799Bb0d0eF9F7b,Autumn,Choi,Bates LLC,Port Scott,Uganda,3749619091x6048,0014605385514,varmstrongbraunorg,20201207,httpwwwfritzgallowaycom
87,483E29cf4aC5A4D,Chelsey,Boyer,Goodman Carrillo and Stein,Selenaville,Morocco,0012909750712x603,16978781394x0986,jonathon78wernercom,20220417,httpswwwwillistoddnet
88,37E3234CC7F8da4,Trevor,Key,Escobar Adams and Huber,New Ryan,Palestinian Territory,8132636136,1892319202,bunderwoodowencom,20220103,httpwebbbarnesinfo
89,2D0F54Cc8D96Ad0,Bridget,Molina,GreeneMays,East Brookebury,Chad,0010627570468x5881,6540791615x308,jcochranburgesscostacom,20210213,httpsgrimesnet
90,CeDC6A5ED20dA29,Calvin,Rocha,WernerKey,Wayneborough,Cameroon,0696981319,5180562026x3841,riveraisabelharmonnet,20201128,httpssalinaspeckcom
91,eE5F91Bf27BE6DC,Austin,Matthews,Sandoval Parker and Mcdowell,Aimeeville,Macedonia,15988791279x72499,18530248504x9171,stanleymeagangilmorenewtoncom,20210730,httpshubbardcom
92,aFbCcfBCbeff540,Molly,Murphy,Mercado PLC,Ericamouth,British Virgin Islands,9288433496x36630,5793698654x99642,kathyhuffwhiteliucom,20211201,httpcooleycom
93,5fb7F35e6Db8e5a,Jeremy,Haynes,Cruz Roach and Lynch,Breannaton,Central African Republic,7489551267x247,2589090610x19885,lawsonmichealatkinscom,20201212,httpwwwgibbscom
94,60d62d8Dbb23C3B,Don,Henry,Giles Kerr and Stafford,Marcusburgh,China,0010042804158x3147,7180530418x55398,diamondhintonmccormickbiz,20201018,httpsarnoldcom
95,e9eFc5d60ddc3ec,Dakota,Bowman,GomezTapia,West Barbarafurt,China,17071967497,4793362473,branchmegandoughertycom,20220417,httpsdeleonaverycom
96,ad8F5957EdADB7e,Manuel,Maynard,Ellison Berger and Osborn,Lake Calvin,Niger,7086482498x1037,0018622679112x298,xingramlecom,20200228,httpsrichardsjarviscom
97,a3FdF7Ae5E60BaD,Howard,Simmons,WintersCohen,Mitchellmouth,Romania,0012598175012,8735358704x224,ronnie03birdhoodcom,20200821,httpscordovacom
98,eA4F6CB2ADEBF6d,Jeffery,Wall,SantosBarnett,Jonathonhaven,Cambodia,3189524565x2143,4958217527x0997,wanda50webstercom,20220218,httpwwwdickersoncom
99,feCfE5fCc4abeEd,Colleen,Estes,Garrett Sharp and Kaufman,Lake Alisonside,Greece,1982860649x642,5126774453,tricia22barreracom,20200406,httpwwwrichmondcom
100,774623BCD6f9BB8,Bianca,Henry,HarrellJohns,Garrettstad,Albania,19422192911x3796,9806792739x5052,alan83olsoncom,20200413,httpwwwwilcoxburnsbiz
101,Db752CCa4aCfd9E,Michelle,Good,Randall Harding and Powers,New Johnnychester,Korea,2155674480,2176725187,yeseniacallahanhintoncom,20201221,httpchavezclaycom
102,7a0CFf01cCBcA01,Eileen,Skinner,Yang Ltd,New Kristophershire,Mexico,3105748489,9027792159,julian74rittermccoyinfo,20210327,httpsmayscom
103,Be9d5701bDCd1aa,Kyle,Richmond,Hart Group,New Arielfurt,Dominican Republic,0010535655203,0964727960,adriennecarsongallaghermckinneyorg,20200923,httpmcclurecom
104,Fd67d4aDf749FE5,Omar,Davies,Rich Oneill and Daniels,Dicksonburgh,Guinea,13179552741x5895,19038476126,hreidjordanpenacom,20210902,httpwwwbestbiz
105,8b7C8Ffe256FBFb,Chelsea,Giles,Curtis Inc,Evanfort,Kuwait,9662332095,0548899247,sharon31stanleyinfo,20211126,httpsgriffinwilliscom
106,983Dad40cbcBf18,Pam,Crane,PattonEnglish,East Taylorborough,Cameroon,6796590893,6958698220x5302,luisreynoldscaldwellcom,20201027,httprichinfo
107,3eD61CdD0B672Fc,Sandy,Kaufman,GillespieKemp,East Taylorville,Antigua and Barbuda,1597908136x82786,6524386147x14235,carlaburtontranwuinfo,20200611,httpwwwschaeferorg
108,Bd6deeDc10eD051,Madison,Clark,Atkinson Benitez and Tapia,Cristianmouth,Nigeria,9990905244,11361459740,ikeithrichardscom,20220519,httpwwwmackinfo
109,7A0AeedaE28Ce67,Leah,Coffey,RasmussenFrederick,Lake Darrell,Slovenia,5891347453,1699703181x61782,felicia85josephcom,20200120,httpterrellnet
110,822aaF7B5f2CDce,Julie,Montgomery,Brady Le and Sherman,New Mathew,Northern Mariana Islands,4711963570x531,0801830876,jose39hubercom,20211213,httpwhiteheadbiz
111,a6d9bE38B614721,Darrell,Small,Nicholson LLC,Lake Warrenmouth,Reunion,9621633676,8525030393,boyerjoygrossmeadowsinfo,20220319,httpwwwshermancom
112,F03BC8cDe64cFCa,Andrew,Bolton,SuttonDavid,East Nathanmouth,United Arab Emirates,19649687131x9267,7917058869x8446,meghanharmontravisbiz,20200427,httpolsoncolliercom
113,1f239d0e0b92118,Jaime,Hayden,Higgins Ltd,Mullenmouth,Iran,9543420875x322,0013132018886x4673,mroweforbesholmesorg,20211210,httprandolphstewartinfo
114,39a6DeEEbbeF8E6,Logan,Carney,JensenCrawford,Omarport,Gibraltar,5052283490,4036911260x8600,rebecca89marqueznet,20201031,httpwwwgilescom
115,d3905aAEeB7eF7b,Pedro,Franco,Acevedo Blanchard and Deleon,West Sharonville,Oman,0426835953x29908,8980710320,hunterjenkinscervantescom,20210714,httpsbernardcom
116,FD21f4cce8C062f,Daryl,Meza,RobertsCurry,West Jennifer,Hungary,5032795076,0012214909839,conneraaronbryantnet,20210112,httpswwwpricelyonsinfo
117,BBA47d60EAb3EAB,Haley,Levine,BowersNichols,Jacobfort,Tuvalu,6172122099x60992,1827045159,hamiltongregperkinscom,20200419,httpswwwsalinasrothbiz
118,C90EdA7b802D82b,Caitlyn,Vazquez,Burnett Carter and Shah,New Bruce,Maldives,0013810807260x28757,4556549609x106,ebushjimenezcom,20200806,httpswwwblaircom
119,f02B9FbEb8Bebda,Keith,Combs,Bryant Blankenship and Orozco,North Pattystad,Vietnam,0049143402,6871960917x107,tommy24wongraycom,20201021,httphernandezcom
120,99b8c488a575a4D,Hayden,Cline,Garrison Kelley and Choi,Julianberg,Ireland,4004010972,0018372670516x494,kristinebaldwinhollowaysharpcom,20200615,httpwwwmaynardbiz
121,C3AFdd623C0FbDA,Jeanette,Sanford,Sutton Doyle and Velez,Wadeborough,Dominica,8584286796,5223007519,daviesmatthewturnercom,20210721,httpwwwsantiagocom
122,5cA80623F6C75de,Brandon,Richmond,Gould Ltd,Beardfort,Pakistan,0018041617001x727,13258883720,fmcgeefostercom,20200105,httpbarronterrycom
123,C0E2ab2e71A490E,Latasha,Miller,Romero Group,East Glenfort,Aruba,7853943598,0010748600123x871,wcarteraliinfo,20200105,httpwwwatkinsonnet
124,AAEfB9E5c86ab72,Shaun,Luna,Sparks Garcia and Maxwell,West Emma,Uganda,0929894066,16412772380x929,mshawcantulenet,20211218,httpwwwpenningtoncom
125,A4F4f2DBB7C8aBf,Allen,Mayer,GilesMooney,West Terrenceburgh,Comoros,16286466833,11254764258x7916,danielsalinasdeleoncom,20210528,httpsgarnercom
126,5Cc3bd1D1d6BFd8,Yvonne,Jordan,Oneal Barker and Kaufman,South Caseyside,TimorLeste,15870114054,0017355092475x253,mercedes83gillorg,20201023,httpswwwcohenkingorg
127,F156f75eFb91b3a,Joanne,Miranda,Perkins LLC,Aguilarchester,Niue,14979135358x2593,2650237003x8576,fernandoshawgoodwinorg,20200905,httpwwwwolfcom
128,0Cfd5DbB2cBDfc3,Jaclyn,Rice,MaddenLewis,New Saraberg,Spain,5980493970x0517,8972101544,tamara04tatebiz,20210902,httpsdiazcom
129,303B081aaFc8237,Glen,Conway,Bullock West and Becker,Corystad,Nigeria,7639303423,6451155094x48852,don46freemannet,20211124,httpswwwnicholsinfo
130,0c7B750FeEabe41,Stacey,Travis,MedinaCastro,Dudleyfurt,Ethiopia,8356759702x438,14219868630,ygarciaandradecom,20210116,httpschaefercom
131,944aAa8b8F1A180,Courtney,Hughes,Benitez LLC,Knoxfurt,Marshall Islands,10070623951x97089,0015214126549,gary98carpenternelsoncom,20201124,httpswwwknightnet
132,ffc96A6EDB33EFf,Raven,Nelson,Suarez Hull and Key,East Kristenfort,Luxembourg,0205080357,0680611865,fashleyburnsmckenziecom,20201023,httpswwwrodgersnet
133,82b94ddcC7B4FC8,Kyle,Odonnell,AndrewsHarmon,Wallacemouth,Gabon,8699526857x0872,1843447248x19327,ywisewintersnet,20200218,httpwwwcookbiz
134,A3568fE8Cb3b386,Sherry,Ponce,Petty Ltd,Holdenfurt,Isle of Man,8636203771,0423513763x69166,vjacobsonperkinsdunlapnet,20220112,httpsdilloninfo
135,cef51DAE28Fe1D6,Kirk,Villa,Norris Bailey and Campbell,Ericaside,Myanmar,13408433973,8298851294x1602,parkroybaxtercom,20200427,httpswwwbarrettcom
136,D2E7cfCDF4D2fB7,Luke,Lucas,SnowAvila,Pagebury,Belgium,0733536987,0377409639x58910,masonshelleyfreemanorg,20210926,httphannacom
137,Cbcd22e7bCd74e3,Lynn,Tran,Ware LLC,Latoyaside,Tunisia,3032300292x145,8111011546x4553,marisa90huynhcom,20210105,httpwhitakerbiz
138,89c66c41c0D791d,Brian,Beasley,ChaneyPorter,North Daryl,Burkina Faso,7016483266x75530,0856719636,stephensmikebartlettwadecom,20211015,httpsesparzacom
139,E31833D3D9DbCDD,Christopher,Savage,ArmstrongContreras,Port Isabellachester,Iran,13124457245x1043,0014617628727x782,debbieramosdavieswashingtonbiz,20210803,httpwwwvegacom
140,4032A3C28aaC8c5,Dominique,Mckinney,Sharp Fleming and Gregory,Port Erin,Kazakhstan,6416972728x62920,0011511721644x17265,felicia57fletchercom,20200228,httpbradfordcom
141,90Ed6bc0d1e173C,Dwayne,Crane,Mcdaniel and Sons,North Jessicaview,Montenegro,12887380411,3741690130,logan04hinesbiz,20220212,httpwwwharmonbiz
142,1FbEcaef8fACcCA,Autumn,Cuevas,Hahn Ltd,Mccoyfort,Burundi,14721507033x46672,16268981897x07198,jeffreyhardingjohnsoncom,20200205,httpmcdowellhenrycom
143,8Cd9bf1B1AD1Edf,Gregory,Collins,Fleming Inc,Port Grantton,Micronesia,0019723672764x18756,1775064872x0706,tina43hayesjohnsoncom,20201002,httpsummerschangcom
144,fDFD6419383D4c8,Isaac,Schmidt,ClementsAyala,West Jasminfort,Ukraine,1784697219,0227141381,paulakanesinghcom,20211207,httpsochoachapmanorg
145,540b59Cc2a2aFd4,Bradley,Rangel,Castillo and Sons,Lake Bianca,Montserrat,18354563881x7677,7091043560x3025,underwoodangelgallagherinfo,20201205,httpswwwsummersorg
146,2AFBB914C4fACa9,Paige,Page,Mullins James and Herman,Kaufmanfurt,French Guiana,7245363717,17455497420x8738,aodonnellprincecom,20220402,httpssuarezsimsorg
147,85Cdd16ADD6dCa5,Gwendolyn,Bradshaw,Gay Bush and Goodman,East Jonathan,Mali,3580106852,9841488789x56784,eugene43mccallcom,20210501,httpramirezcom
148,EF5858dEe5f7649,Belinda,Ferguson,Lewis Bowman and Craig,Moralesport,Lao Peoples Democratic Republic,3079980543,0070527419,billspearsharmonorg,20200102,httpshuffcom
149,C1574306202Eb8e,Ivan,Hines,Aguilar Ltd,Lake Samantha,Qatar,15760990011x49994,9186788947x2402,tflowerssalinasorg,20211125,httpsfraziercom
150,4f108ceFb9b386d,Brett,Lin,Mccoy Larsen and Stevens,Nortonmouth,Saint Helena,2815035416x65312,0017784962818,stokespamelakochcom,20210202,httpserranocom
151,12B5834e77F67a6,Katherine,Williams,Kelly PLC,Juarezville,Armenia,2199255503,17544520484x99456,jorozcohintonkleinorg,20201207,httpswwwkeyzamoracom
152,9b50c8d8AA8Aeb1,Andre,Burgess,ZhangStevenson,Mooremouth,Moldova,5689039918x1217,7252325862,mayerlynnhaassantosorg,20200512,httpshuynhcom
153,BB6B8ebDD22eBEE,Laura,Decker,Levy Moyer and Fernandez,West Pamela,South Georgia and the South Sandwich Islands,0759729288x584,6910298963x661,vstuartfowlernovakcom,20200803,httpwwwpetersonhughesnet
154,1D7A12b13AAd4FB,Tommy,Herman,EspinozaTyler,North Robert,United States Minor Outlying Islands,12869780607x36120,17923596023x193,spencejenniferbowmanpenacom,20201227,httpharveycom
155,234891e3dAC0dF9,Amber,Lyons,WardMcintosh,South Kaitlyn,Zambia,17665192349x13712,12571664605x483,betty81shieldsorg,20200724,httpsalinet
156,747B4F80e0048C2,Shelia,Yang,Coffey Watson and Wilkins,Lake Edwintown,American Samoa,8696481559,9631717611x3130,cynthia09vangcom,20211210,httparellanocom
157,de81E89d4a938f0,Russell,Martin,DuffyZuniga,East Megan,Angola,0011703486034x1281,1568794115x02431,cody74cochrankeithcom,20200524,httphurstnet
158,E99c32a01Fd3Fd1,Yvette,Willis,Hamilton Solis and Salazar,South Tamarafort,Kuwait,2167878307,4625246561x80213,neil44barroncom,20201113,httpsnavarrocom
159,57234838A0aD5F4,Don,Ho,StarkGlover,Riosport,Uganda,4269863364,5884496684x0997,rwallaceshepherdmcdowellcom,20220212,httpswwwellisoncom
160,C45b1BE6266c8DA,Ellen,Torres,Cook PLC,New Chelsey,Kuwait,0015883629168x37122,0010674191179x906,carla57robertscom,20210831,httppadillanet
161,2d1cdFa63e6F54c,Hayley,Morse,Henry Mcdonald and Austin,Lorrainefort,Iraq,7301885971x5577,3182844049x757,fchungmontescom,20200418,httpwaltoncom
162,333f3F9A9222E1a,Ellen,Kerr,Duncan LLC,Port Jocelyn,Micronesia,16675326951,4689515577,vnoblemooneyorg,20200127,httpswwwvegacom
163,846dBfEBB68Bb3E,Martha,Cruz,CopelandFreeman,New Kaylashire,Bolivia,17479157766x306,7489593796,collinsalejandroarroyocom,20200212,httprangelblakeorg
164,25A8883aDb70dEf,Douglas,Carson,Ferguson Ltd,Branchview,Israel,0649610158,1234946576,ethanlegibsoncom,20220426,httpwongstricklandcom
165,d8Cd94028074AFD,Toni,Cline,RoblesDavies,Ortegaside,Ecuador,3795277815x890,4539132252,kyleramosleecom,20200318,httpswwwglovercom
166,90fc05Eefaa4AE0,Robyn,Berger,Suarez Group,South Karen,Lesotho,8351756247x754,7670953136x4246,amatthewsowenscom,20200428,httpwwwbrewercom
167,Fc8bdf1329ce090,Calvin,Roach,Wilkins Goodman and Cummings,North Melvin,Wallis and Futuna,7059897127x1441,10658878300x640,kathleenbrewersweeneycom,20220104,httpswwwwardcom
168,3a7836DbB6347AC,Angel,Park,Barry Thomas and Oconnor,South Marciafurt,Morocco,0018797052671x02795,0361273806x095,masonadrianapricecom,20200329,httpsyangroachcom
169,7F2ceBFc5eBE80A,Bradley,Delacruz,MathisRocha,Ortegaland,Cote dIvoire,12549953856x158,9582755610x2731,khendrixpowerslevinebiz,20200526,httpswhitakercom
170,06328dB77db6D9D,Donald,Cross,Donovan Key and Leblanc,Bruceville,Saint Helena,2114489417x2645,2911643457,srodriguezhesterinfo,20200125,httpwwwgrantcamposnet
171,337649Ab3CaDFb7,Jeremiah,Guerrero,Cole Franco and Alvarez,New Erikville,French Polynesia,3587948196,18313468745x5416,mosskevinperkinscom,20220511,httpmontescom
172,cfC4Cf6Febff0dB,Perry,Trujillo,Yoder Watkins and Singh,Lake Joyton,Panama,6792761120x3465,6644280701x86584,geoffrey16gentrycom,20211113,httpswwwwebstercom
173,F7d3Ce1c250cbCf,Brent,Beasley,Mendoza Group,South Kimberly,Antigua and Barbuda,4171630671,6365717207x09917,bettymckinneyhoustoncom,20220414,httpedwardsnguyennet
174,9D65c9EaF3d120E,Ariana,Velasquez,StokesHaney,South Codyfurt,Ireland,1416884785x1394,17631092966,makayla22careyjamescom,20200802,httpswwworozcosantiagocom
175,E63e09cbA7618Ad,Don,Vincent,NortonWatkins,Sanfordmouth,Luxembourg,7475416093,5832516028x7609,jarvislarrylanginfo,20200322,httpswwwmahoneyorg
176,84cACb9DF8CFa06,Bradley,Blair,Mullins Huber and Dillon,Franciscochester,Montenegro,18896925299x5156,2659066855x940,masseyrileyblanchardcom,20211101,httpswelchcom
177,5D74Db6C837AACd,Henry,Conway,Clarke Fleming and Porter,Fordton,Saint Kitts and Nevis,0912894465x0219,8740482086,qrussolecom,20200707,httpswwwhanseninfo
178,F878fF2E97BC2Ef,Norman,Waters,WelchRomero,West Stacey,Rwanda,2907316829x57399,7602991126,meganwilkinsonbirdandersoncom,20201014,httpwwwschultzzamoracom
179,bDD2ebC2Bb4EfeD,Breanna,Miranda,Mejia Group,Colinberg,India,12408216677x7792,0672753333,claytoncastilloschroederorg,20210428,httpslarsoncom
180,A5Cd45CD6FEe5A2,Seth,Osborne,RollinsCarson,East Kaylee,Holy See Vatican City State,4239151795,8487105884,xcolemanfarrellbernardcom,20220101,httpwwwbradfordrivascom
181,8BABDb31B26eBe3,Lydia,Ponce,Fitzgerald Inc,New Eduardo,Mongolia,4012641567,5151595884x6697,lauramorrisanthonybullockcom,20220524,httphahncom
182,83DE9dee8ed3B72,Sherri,Bradshaw,Ramos Suarez and Jacobs,Dariusview,Kuwait,4534170534x1278,0547257739,mossangelafarmercom,20200405,httpswwwmaycom
183,d4aACF5b785daaF,Alejandra,Lowe,Benjamin Group,East Petermouth,Western Sahara,4431406541,2815599196,andre80dodsonnet,20200927,httpwilcoxliucom
184,9193A4C5a8Cd335,Raymond,Bernard,OdomHull,Lake Karlaburgh,Burkina Faso,6816001670x08508,8250158974,adam45tannercom,20200306,httpwwwcolliernet
185,edF0eDC8D61ABBe,Patricia,Moss,AcevedoRasmussen,North Stacey,Belarus,2493819632,6930582300x4868,pflemingfrenchcom,20211016,httpswwwunderwoodcom
186,F58a977a2cE01E5,Hector,Meyers,HannaOrtiz,New Mario,Tanzania,12838073191x14650,8477497663x8913,bowersjessicaarellanohartcom,20211119,httpsmasseyinfo
187,a45Cd8423E56A7a,Pedro,Zhang,ConwayStewart,Jacobmouth,Kazakhstan,8737666452,0012541228268x18631,barronsergiovalenciaproctorcom,20210711,httpswwwbarajascom
188,4EA2fe116fb3EB5,Marco,Donaldson,Wagner and Sons,West Aprilberg,Canada,5644222600,1635063864x03308,holmesdwaynesheppardbiz,20210722,httpsalvaradoinfo
189,ccC3b8ae049544D,Shannon,Yoder,Whitney Ltd,Jofort,Nepal,16704424295,1908305660,laura10romerocom,20200717,httpswwwlangellisonorg
190,33bC91cd5EEB5DC,Brian,Downs,RamirezThompson,New Anitafurt,Kazakhstan,8352001345,0012964029601x0673,dcombsmcneilorg,20200803,httpwwwrangelcom
191,5A375fc846cE010,Dillon,Cooley,Luna and Sons,Port Micheleville,Ireland,10759864034x964,3248541698x74503,cody25watkinscom,20200628,httpbullockcom
192,DC5AcF32E413E3E,Joyce,Chaney,Stanton Lane and Schmitt,North Francis,Luxembourg,6823433164x5621,18522864065x987,joannarussonelsoncom,20200126,httpswwwchapmanshortbiz
193,c0B71AddCF5AcE4,Angelica,Schaefer,Jackson Gibbs and Parker,Lake Sydney,Sudan,7607473821,3545455420x0320,mark43stevensongarciacom,20210118,httpswhiteheadpaynecom
194,44dC6C8Ca4f0a90,Marcia,Horton,Carter Ford and Matthews,West Kendra,Kiribati,9932244282x8920,11327516285x2256,mcdowelljennabecklewiscom,20220517,httparnoldmorsecom
195,657eA09240Bd02A,Sydney,Barr,Weiss LLC,East Courtneyview,Micronesia,6952888162,9387651789x50304,carlosstewartdeleongriffithcom,20220205,httpshurleyblankenshipnet
196,6d0d8Fbf5b2D7bC,Jay,Hodge,Wolf Ltd,South Rebekah,Guernsey,0014394912180,0064802520x21666,fvillarrealbrewerpenacom,20210206,httpswwwcarlsoncom
197,53B158FcccFF74c,Angela,Jackson,Reynolds Patel and Rush,Reynoldsborough,Congo,11968216270x5206,5520057001x05902,arthurpetersenboltoninfo,20220206,httpperrynet
198,a8FfE4fbd7910b9,Bethany,Barrera,Swanson Figueroa and Heath,Vickietown,South Georgia and the South Sandwich Islands,0014110573486,6232251109,rhonda48castroinfo,20220529,httpwwwcortezcom
199,7fB6124FC680839,Cindy,Valenzuela,Rojas LLC,Maychester,Chile,18600359154x21075,0014896856257x790,maryforbesolivermillscom,20200413,httpwwwholmeswolfeinfo
200,dDfcEc72F9C2EE2,Christine,Camacho,Pace and Sons,South Daveville,Yemen,10833281947,11300329347x4714,aguirrenatalierandolphmoorecom,20210226,httpswwwnolancom
201,46da39f97fAF05f,Tyrone,Hendrix,Small Osborne and Rojas,East Wayne,Vanuatu,3903056359x25631,19770403406,javierbarronmcclurecom,20200215,httpwwwcollinscom
202,B557b025a4712A7,Roy,Gould,Beasley Ltd,Jackberg,Montserrat,8312961569,0015128597371x47076,fmoorevegacom,20200426,httpwwwlivingstonstantonnet
203,EAc7eFFfAB5c6F0,Matthew,Mann,Benton Flowers and Snow,Aguirrebury,Papua New Guinea,0119966415x73778,5430140078x4213,summer05harrisonboweninfo,20210106,httpwwwswansoncom
204,e03f14D59F512A9,Taylor,Torres,Gamble Cooke and Lewis,Port Roberto,British Virgin Islands,13022630760x673,8462647720x044,ihuertalutzinfo,20211229,httpmedinawilliamsoncom
205,CEa5C35aEaF44CF,Hannah,Waller,Glenn and Sons,Fritzbury,Turkmenistan,4034635810x69144,18719115367,gouldruthnovakdunlapcom,20220423,httpwwwcunninghamcom
206,BE3c6CC4B8b58ac,Randy,Cannon,Le PLC,South Nancy,French Southern Territories,7088465418x222,14138226734x526,pcamposlloydleblancinfo,20220121,httpswwwhenrycom
207,eD6bdfeF85Afe01,Adrienne,Hunter,EscobarCannon,Lake Glennside,Kazakhstan,9520080777x0963,2482719569x5820,lindsay75levyvalentinecom,20220402,httpwwwwigginscuevasnet
208,3D60AEa0bAd4fcD,Raven,Weaver,Bray PLC,Adamsfurt,Gibraltar,2325340126x732,9918857191,hutchinsonmartinsheltonburnettcom,20210517,httpduncancom
209,7E9b016a452809a,Isaac,Murillo,Conrad Inc,Port Ryan,Romania,9057992959x3989,15413634291x59985,schmittstephenelliottbiz,20200521,httpswwwburgessbiz
210,C75d32ACd9E04f2,Kelly,Branch,Barton Group,Port Beckymouth,Montserrat,9019324326x7097,0018259042905x65639,alexandranguyencarrgraynet,20210604,httpswwworrmeyerscom
211,2bf6d8FA82ff41e,Chelsey,Larson,Walls Inc,New Yolanda,South Africa,3617436143x6781,2574283831,katrinarasmussencraigcom,20200509,httpwwwjimenezcom
212,B2ec81f6e1C5AAF,Rick,Marquez,WoodsWarner,New Taylorburgh,Bahrain,6204440182,1562668501,josephflynnriverscom,20200908,httpfoleyporterbiz
213,343bfaCa1c6cf20,Tricia,Mckee,Macdonald Ltd,Port Kimberly,Turkmenistan,4176175699x985,4291301247x87803,gabriela43wilsonstantonbiz,20200525,httpwwwphamburtoncom
214,e1BbBb2ebBd4c4f,Rebecca,Blake,YoungSawyer,East Casey,Somalia,9846924496x1810,1894759798,brownvaleriewadenet,20211011,httpschapmancom
215,cC0fFa66c619Ec8,Dan,Mcmillan,WiseMckay,South Jeremy,Uzbekistan,12825149380x3559,8503483092,martin28gibbswhitneybiz,20200725,httpsheaproctororg
216,cE7C6adCc0eA8ea,Sabrina,Hill,ParkKaufman,Daveborough,Ireland,15559417595x36428,6166434876,omilesmcdowellcom,20200326,httpkochorg
217,6d8aa560CE110Dc,Victoria,Walter,Kline Cobb and Gregory,Francisside,Malaysia,0128563350,18407663003,melanie66townsendcom,20201007,httpsfieldsorg
218,CF35dAbc52F2445,Jorge,Hendrix,Delacruz James and Calhoun,Jerrychester,South Africa,6583031832x4024,10757839864,cbateswalkercom,20210617,httpshartmanhayescom
219,12b63e4656a94BD,Jodi,Fox,Walton Davenport and Charles,Wallacestad,Eritrea,9537466609,5861061239x86066,ashley25lutzarellanobiz,20200616,httpsestradaorg
220,1a94Daeb8ecf5Dc,Sara,Vargas,Maynard LLC,Patelhaven,Senegal,4109445826,1762680733,erikdaltonhinesorg,20210617,httpswilkinsriggscom
221,fCCC17cffd8347b,Cynthia,Johns,BurnsJimenez,South Shelley,Egypt,1845572207,0012353690587,sellersmarvinhenrycom,20201120,httpsbrauncom
222,feF0F4a69aC9e93,Jordan,Hanna,Nguyen Ruiz and Finley,Santosport,Heard Island and McDonald Islands,14078943981,13047666187x26637,davidchoikimnet,20210519,httpscasehesterbiz
223,5fC5f9CCEF2DcA8,Maurice,Ramsey,Everett Humphrey and Zhang,Lake Dillonfort,Antarctica the territory South of 60 deg S,7846106779x71551,0791147902x694,zturnerjimenezwellsbiz,20210727,httpsdukechurchbiz
224,A449EaabD6a2Ffb,Catherine,Nicholson,Mckee PLC,North Tracey,Netherlands,6990218746,4971463445x3257,bdelgadohenrycom,20200707,httpswwwpetersgoodwincom
225,2bCCbaeaFfBe264,Sean,Todd,RiceWilkins,New Reginahaven,Bangladesh,0356550185,8384701313,uwarnermezacarrillocom,20200313,httpswwwdoughertycom
226,67b2CF189EcFb5b,Lacey,Bond,DoughertyDay,Grantshire,Bangladesh,8735895122,2329451059,glenncookkinggarnercom,20201211,httpsflynnfrederickbiz
227,f4d401cf9Ad1bea,Katelyn,Wise,Daugherty Cooley and Joseph,New Alexa,Switzerland,4441315864,2697857119,ndoughertybentleylutzcom,20201226,httpwwwmontesorg
228,4F158BB4FFB3Cdd,Christine,Bowers,DavenportNeal,Jacobmouth,Jamaica,18644627997x15262,10570775337x250,jmorrowcampbellinfo,20201003,httpwwwfaulknernelsoncom
229,A205c4fDc4AeD44,Adam,Levy,Conrad Group,Bushview,Nepal,9374803643x98361,5119463691x20164,pcuevashancockorg,20200515,httposborncom
230,E51249bCaC2D3C0,Hayley,Ellison,Tyler Inc,South Howard,Lao Peoples Democratic Republic,4600548907x237,0012300275418,amezacobbpoolecom,20200211,httpcantrellbiz
231,4ae3d1e39eBA622,Vernon,Warner,MonroeMccoy,Zoefurt,Japan,3671870987x3041,12589821772x31593,tzimmermanmoorecom,20210908,httpholtorg
232,6f65C6ea02BDadF,Fernando,Townsend,WyattHenry,Lake Joshuastad,Turkey,2175487104x408,6219056100x381,kelly08millernet,20200412,httpswwwwestcom
233,A998A4F98474F3B,Walter,Parsons,OwenWarren,East Alyssa,Mauritania,0018104830432x6641,14146079239x148,pboyerlambertcom,20211224,httprobinsoninfo
234,8F7ba1BA4fbCa78,Brady,Hill,Hull Knight and Kerr,Montoyaberg,Saint Kitts and Nevis,2515973770,18896260069x4100,yhaleybeasleyboylecom,20210926,httppacecowancom
235,6F2de1a7EdE2a53,Loretta,Rice,JimenezMedina,Port Danburgh,Moldova,2794500168,4071029677,poncejackiemooneyallisoncom,20201116,httpsilvashahcom
236,eF2fec28b643Ecc,Hannah,Beck,Gay Ward and Villegas,Port Carlos,Mauritania,8909668503,6228414733,reyespaulavelazquezgillespiecom,20210712,httpramseyinfo
237,29C5Aa7D394F650,Jocelyn,Stephens,MaciasBurns,Kelleyview,Algeria,0013682176779,5407089785,velazquezchloefitzpatrickbyrdcom,20210808,httpwwwkochparkscom
238,A1cFceb6Ab52BA2,Benjamin,Chan,Huerta Potts and Crosby,East Emma,Finland,1959064903x87261,6202446966x7553,kari54shortcom,20200921,httpwwwliberrycom
239,db7D54e0ABF87C2,Caroline,Clarke,ReedTucker,North Sydney,San Marino,19172888837x28207,7251823978x780,amckenzieleonardnewmancom,20200419,httpsalvaradocom
240,bB69ADCd6AdD5F7,Cameron,Forbes,CervantesHendrix,Rhodesside,Rwanda,8174177386,0625210700,marie76molinaorg,20210911,httpcarsoncom
241,2b6af79868F386f,Wyatt,Mclean,Flowers Kline and Bass,Spencerchester,Dominican Republic,18378648967x79624,2841415905,ckruegercervantescom,20200119,httpsbarnescom
242,dEc837d5F13C1ed,Kendra,Waters,Gates Inc,Warnerport,Nicaragua,5445638365,9395719576,tracey11carneycom,20200102,httpwwwayalacom
243,828C734a81bBf4B,Tom,Bradley,Stone Ltd,Lonnieburgh,Trinidad and Tobago,0012613511172x386,3278671874x670,terriblackhuffmanburnettcom,20201022,httpsgordonchencom
244,8bB5Eed0daFEeb5,Adrian,Frazier,Franco Group,Seanport,Ecuador,0494859910x79759,0342652339,ballfernandomirandacom,20220413,httpwwwflemingorg
245,DDfd0EEF4B46Eb3,Beverly,Kirby,Ruiz Chase and Villa,Elijahchester,Bangladesh,0848621420x01125,19590717828,valentinecarmenmichaelcom,20220401,httpswwwmaysblevinsinfo
246,BeDABcE5dbCa239,Priscilla,Stuart,PeckWerner,East Max,Liechtenstein,9144127148,8819794350,jessehernandezholderorg,20210416,httpscantrellnet
247,57Fb161EEb1C9Ea,Roberto,Hogan,MasseyHoffman,East Javierfort,Aruba,6704403702,6760257899,christiangriffithnewmancom,20200527,httpfergusonnet
248,b9006D3c9cEeFef,Victor,Rogers,WallsRandall,Gabriellafort,Kiribati,0014466127595x848,1382040333,tannerbrandiduartebiz,20220411,httpsuarezcom
249,EF0B773aE00C2dc,Alisha,Gallegos,MontoyaMccarthy,Lake Christianton,Singapore,0012084192907x81591,8922777120,bernard01hammonddelacruznet,20220326,httpswwwhalecom
250,aD8Db76dA126dFB,Stefanie,Fuller,KeithWyatt,Mcleanshire,Ukraine,8416485616x43918,2132113381x2473,bonnievillabriggscom,20211019,httpswwwnicholsonzavalaorg
251,b8fCA4DbB790ddA,Jackson,Grimes,ChanMcknight,Gayfurt,Kuwait,7485960289x119,1591034929x6640,fullercarlywellsbiz,20200926,httpwwwhuntercom
252,ebDeea2d7ceA4A8,Miranda,Robles,MaynardRamos,Lake Kevin,Andorra,5927752595x3361,2167638110x6083,sgarzathompsoncom,20201016,httpswwwholdercom
253,BdBF790f2DB42FE,Gilbert,Bowers,Russell Ashley and French,Wyattborough,Bahamas,16311906682,17090298876x9575,sfieldssextonarchercom,20220413,httpnelsoncom
254,5B789BA48f72Cd2,Jon,Gay,Frey Howard and Burns,Lake Mike,Kenya,0014644054973x992,4296434061x065,hmelendezjenkinsingramorg,20220223,httpswwwgarzacom
255,bbd714cFdfDD3DD,Julia,Davila,Montoya Group,Port Caleb,Aruba,0012303603830x50623,7637796968,ericafrederickbeasleyorg,20220219,httprushcom
256,cf01fCEFeABD468,Aaron,Potts,BergCannon,Kathrynville,Bulgaria,5084644330x29848,2348442278,kathryn22patelgrosscom,20210521,httpwwwburnskanecom
257,D7BbB33Be1FC539,Rachael,Jimenez,Burnett Vang and Delgado,Alextown,Bermuda,0702167245x1049,2556554082x357,romerotriciachungorg,20220419,httpyanginfo
258,D16609fed9fEC2d,Lucas,Macdonald,NavarroPatterson,West Baileystad,Benin,6041452223,4161801375,masseykathrynsawyercom,20200122,httpswwwmortonmonroecom
259,aF03B4cFc6c05C8,Kristopher,Sanders,LambOconnell,North Judyville,Comoros,0016105979134x568,2990389462x724,eperryyatescom,20210101,httpswwwwarnerinfo
260,AdaaB43FFccaB0d,Alexandria,Hutchinson,Fry Ltd,East Jake,Azerbaijan,7449647777,7262139833,coffeymichelehawkinsmorrisonorg,20200403,httpwwwcollinsbiz
261,73fAFf3C782aa7D,Natasha,Schmitt,Russo PLC,New Tammy,Iceland,0515452869x0567,11186305686x211,kelliewatersfoxcom,20200228,httpalvaradobiz
262,f21a28E24EDfCa3,Jose,Acosta,Schmitt Wyatt and Rice,East Gailhaven,Saint Lucia,7290334995x139,11249245660x428,brooke89carsonbiz,20200825,httpwwwwilsoncom
263,c7838eEacAac61E,Cassidy,Dominguez,DixonWinters,South Annetteville,Bouvet Island Bouvetoya,9747293737x75245,5289314350x3356,omcfarlandlinatkinsonbiz,20220406,httplutzbiz
264,d3eAc0663BA3dcA,Debbie,Savage,Carey Inc,Port Franklin,Cape Verde,7934150643,6977584186x3525,vsingletonhuynhinfo,20210402,httpflemingcom
265,B3b629eDc47eD22,Felicia,Burnett,Ortega and Sons,Lake Joyce,Saint Helena,9030094355x088,6570163317x94078,stevensonbeverlyhuertacom,20201207,httpcaseinfo
266,Cf1C67B4bf71090,Hayley,Gutierrez,BridgesKeller,Alexandriamouth,Turkey,3911087747,0016202327743x3319,janice91stanleycom,20200326,httpwwwortizmcmillancom
267,7C8DA410a370aa8,Melinda,Parrish,Carpenter PLC,East Wendy,Cook Islands,3189382450,16102782351x48053,burchleeatkinsinfo,20210505,httpwwwhendrixnet
268,b500ecAa2d630f2,Jeremy,Keith,Petersen Rivas and Mayo,Bethanystad,Morocco,5613201675,5357543790x578,udurhamsingletonlewiscom,20211003,httpscomptoncom
269,df8F2Ec3cC9412e,James,Washington,Fuentes Park and Poole,East Darin,Tokelau,9506037850,5299134727,jacksondanabairdcom,20210515,httpshaleystevensbiz
270,EC9eD68ff2Eb4f4,Karen,Leblanc,Farley Inc,Deanberg,Denmark,3341551758,1754737359x190,poneillcameroncom,20211210,httpslozanoorg
271,CEcCBaC64cCae6a,Ivan,Malone,Coffey Ltd,South Soniabury,Moldova,6368763288x0194,4096152256,seanhigginswhitneybiz,20200517,httpwwwvalentineinfo
272,e45e5fd046d6D3c,Jesus,Cox,RushMelton,Deniseburgh,Tokelau,8049483991,8181831524,aaronmorseshepardorg,20211018,httpswwwmorrisonrandallinfo
273,47097Ec9f8C15ea,Michelle,Lowery,Warren Randall and Durham,Parksfurt,Australia,14665346342,4193845791x944,hthompsonfritzsparkscom,20201003,httpswwwcarterinfo
274,c9ea1cBBCe212c1,Paul,Meyers,Pham Cabrera and Long,Port Mercedesberg,Panama,3508213681x1897,5616604342x14654,smckayescobarcom,20220213,httprobertsongraycom
275,bCAd9c26D85A9F6,Eileen,Graves,MaxwellMurillo,Antonioside,Saint Pierre and Miquelon,18066173289x348,1741140831,ddeangraycom,20200425,httpscarlsonmurilloorg
276,AEC4aBbF2AbEe3F,Christian,Jennings,Lawrence Mooney and Washington,West Kathryn,Iceland,3531051827,2847210226x026,brett70juarezchristiancom,20210629,httpswwwturnerorg
277,cFac8Afa1A4D08c,Don,Hendrix,Blevins David and Henderson,Wallaceville,Belgium,0043540200,4026106864,zcopelandariascom,20200217,httpwwweatonmitchellcom
278,dDf25B8D5b9cC14,Dominique,Summers,Estes Durham and Burgess,Rickyside,Maldives,14112455810x615,1417109950,traceyreynoldswilsoncom,20220521,httpsstuartmarshcom
279,cBd7C9C9D2c09Fc,Wayne,Anderson,ManningPruitt,Haroldhaven,Samoa,2845040100x286,0581717226,sheila72pollardbiz,20200522,httpknoxowensinfo
280,57b374c72b5C7F5,Chloe,Franklin,Mclean Robles and Orr,South Craig,Comoros,3213102883x01104,4937390858,suarezbarbaracrossbairdinfo,20220115,httpwwwchristensencom
281,D48bd5f8cCc2339,Carolyn,Hendrix,Jimenez Inc,West Ricky,Anguilla,7845505247,9246470346,huntercathyhenrycom,20210621,httpmeyersinfo
282,e5cC6aa0B9F6b68,Isaiah,Buckley,DaviesHardy,Youngfurt,China,15624320738x76444,15226119078x2725,haaszacharyholmescom,20210119,httpswwwlynncom
283,7CdC7Bf06ABB6Bf,Gina,Townsend,Jacobs Inc,Tommyshire,Solomon Islands,0015669196015x9612,19682754923x4140,claudia60farrellrivasnet,20200319,httpwwwdanielscom
284,6841639B9B36D74,Stefanie,Grant,Rojas Gamble and Jensen,New Derrick,Burkina Faso,14080954895x59444,7827775803x862,franciscogomezkleincom,20200111,httpwwwibarracom
285,aB3D07AEe2FE75f,Cole,Combs,RochaDawson,Port Gregoryfurt,GuineaBissau,0011767476010x15230,14557450599x65818,sdunnnewtoncom,20200921,httpwwwcurtiscom
286,edF0BCbaf41d20A,Suzanne,Pope,HaleyColeman,East Renee,Slovenia,4430374233,0013036788094x36673,melinda13andradeacostacom,20201101,httpswwwcarneyrangelcom
287,BE210AEfc6f1105,Gabriel,Green,BranchBarry,Toddside,Central African Republic,0702065236,0010408250570x3404,qballardfitzpatrickcom,20200705,httpswwwwhiteheadnet
288,52B62a129E1515d,Jeanne,Atkinson,Swanson Landry and Jackson,Alexfort,Guadeloupe,8338739166,6663111079,holderlorettaphillipshayscom,20200418,httphughesorg
289,50d2e71E5Cf30DD,Lindsay,Ferguson,RandallFranco,North Karihaven,Montserrat,2061547202x49857,14776035629x0703,marquezhaleyoliverfigueroainfo,20211222,httpramirezhardingcom
290,1BEC50dC5EACb1f,Ronald,Byrd,Ramos Hoover and Saunders,West Dan,Tonga,9482917764x934,11922684383x187,danielle48pollardcom,20200711,httpwwwsimsbarberinfo
291,BB6806cd1bED6e1,Marco,Holden,Fleming Parrish and Andersen,Port Beth,Palau,19721455541x55966,0500133811,maureen60chapmandurancom,20200919,httpshancockorg
292,a476fE05DE4fe4f,Isabel,English,Leblanc PLC,Anthonyport,Monaco,7070249199x09135,1575108887,epatelochoahoffmancom,20210709,httpswwwclarkorg
293,79Ace6A23BEED5d,Nichole,Green,Chambers LLC,New Thomasbury,Tokelau,0016134142877x508,9663009232x021,jpachecolynnorg,20200711,httpswwwkrauseinfo
294,bbeCA50ff989fC6,Joann,Gonzales,Bray May and Riggs,North Tracieview,Eritrea,3941592865,0016014360845,earlhawkinsfernandezcom,20200518,httpwwwpeckparkerbiz
295,BDED6da71e0fF2f,Francis,Miller,HarrellPacheco,Lake Yvetteberg,Dominica,1639456110,8087096376,kristidaughertyburchinfo,20220111,httpswwwowensleblanccom
296,7C87BCEf12CB8Ba,Stuart,Valdez,Dickson Wilcox and Hatfield,East Glenn,Bhutan,13198098625x94284,1923139669x4512,michelleodommcconnellcom,20220301,httpwwwpollardcom
297,13ABe9a890afba0,Tricia,Berg,LeBanks,Port Gavin,Iceland,5724355301x75929,11145236356x019,alimelissamontespoolecom,20201102,httpwwwfitzgeraldnet
298,F02BecbDbCCc59f,Roger,Bauer,BraunMorton,South Herbertmouth,Kyrgyz Republic,18278922663x7295,13347190625,joanne05barronperkinsorg,20210501,httpwwwstevensclarkebiz
299,f09df5de7A2CD82,Tanner,Hernandez,Mooney Inc,Adamston,Bouvet Island Bouvetoya,0317533794x79094,4376938543x5154,sheri28pollarddrakeorg,20200223,httpwwwgarciahernandezcom
300,06e2CC6b2D5aD69,Ellen,Cisneros,Larsen Ltd,Popeland,Belize,4291772038x11588,8621606469x43350,whughesdanielcom,20200914,httpswwwcarlsonochoacom
301,9446Eb5Ae23062D,Latasha,Hancock,MasseyMyers,West Leroyview,Bangladesh,3772664518x939,6329472435,colleen53taylorcom,20210516,httpswwwsotocom
302,bAb7b742456Bf2e,Jenna,Lamb,Mosley LLC,Toddborough,Ecuador,0175624594,1402281623x83872,frenchcarolinechavezcom,20211127,httpmelendezcom
303,EAB04AAd86319cF,Francis,Ball,Schaefer Bowers and Li,Port Michaelafort,Equatorial Guinea,6175781012x84207,7921865148,robinlovemckinneycom,20210205,httpswwwhensonarellanonet
304,4a219E8afe2F6cb,Jade,Archer,Fischer Vang and Skinner,Berrymouth,Romania,0303129861x02244,1697619917,afitzpatrickbartlettorg,20200902,httpswwwschneiderinfo
305,0eeC8874c3cfEE5,Zachary,Parker,Ewing and Sons,Port Glennborough,Burkina Faso,18442541041x6556,8144093822,willie12norrispenningtoncom,20211209,httpsyodercom
306,09ccbfbdDD6f9c8,Karen,Kent,Dickerson Inc,Hofurt,Luxembourg,4366543584,9735110577,vfletcherpinedacom,20210303,httpswwwwillishendrixbiz
307,C0eA15D68D551b3,Joshua,Dalton,Cross PLC,Lake Troyville,Nepal,0017556151410x02770,8507772274x586,msellersfishernet,20210224,httpstonecom
308,eCEEbab57beeecF,Kiara,Ashley,WatsonDelgado,Francohaven,Nigeria,0666607132,4304411793,norma73martincom,20211026,httpswwwhumphreyfloydinfo
309,Ab150a0eC9eE5Ce,Doris,Greene,Jacobs Velazquez and Estrada,Lake Omar,Libyan Arab Jamahiriya,2685203987x57283,6072391682,pjonesprinceblackburncom,20211006,httpsfreemanorg
310,061Dd3953AC0350,Helen,Kaiser,PettyJoseph,New Katrinaview,Heard Island and McDonald Islands,6693060061,15561197696x262,jmayosborncom,20210714,httpwwwgilmorehensoncom
311,e72615CbCAfD23f,Ariel,Francis,Flores Peters and Leon,Meyerfurt,Switzerland,14585111407x3782,2195028531,gcarterrollinsnet,20200901,httpmcdanielcom
312,dEbA4c280C2BC4c,Heidi,Singleton,Glenn Peck and Ashley,East Alberthaven,France,0013918450719x17915,8814394412x5237,tkelleyrichardsoncom,20210531,httpsdaybiz
313,B49A38a0E3636dD,Guy,Keller,CallahanWalters,Lake Morgan,San Marino,4692493295x40023,7196395111x3403,kleinmarilynfrostbairdbiz,20200619,httpswwwfuentesnet
314,aC8125126392EF6,Meghan,Moses,Henry LLC,Bernardmouth,Holy See Vatican City State,3979794605,17209005335x06961,xcannonleblanchayscom,20220223,httpsloancom
315,72B5a2ddE4EF5d0,Jodi,Moran,AshleyJohns,North Lacey,Solomon Islands,11212478279x217,9090898169,wsmalljenningscom,20220517,httpswwwespinozagilmorebiz
316,F26EA73B2B0D680,Heather,York,Morrison Ltd,Alexville,Senegal,7544848271x55016,3607350681,jesse32ingrampaulcom,20201225,httpshallnet
317,F4b4dCF1DEcdB3A,Gail,Salazar,Barnett Group,North Isaacport,Saudi Arabia,6855273077x323,6286120688,alvinbeckpetersennet,20210310,httpswwwpeterscom
318,99CFEd2a16AFA1D,Tammy,Cantu,EstesEvans,North Chelseyland,Senegal,7808907757,2081310024x8415,crystal44holderbergercom,20200122,httpkennedyorg
319,BFB7C3A44Dd1e9e,Olivia,Mcgrath,Duran PLC,East Chelseyfurt,Vietnam,2108733470x71370,3192645351x834,claytondaydrakecom,20210406,httpswwwmcdonaldhoorg
320,b7C9e51d3aF5B6B,Michele,Case,MathisYoung,South Roberta,Equatorial Guinea,3674360262,4990494876x69966,isaachawkinsbrocknet,20220405,httpstoutcom
321,d64895790A96b26,Matthew,Brock,Gregory Harrison and Roman,Elizabethburgh,Bhutan,17829842667x648,6479988564x272,kendramyersmosesbiz,20200930,httpwolforg
322,15892ECFb9BeBd3,Jenna,Henry,ClementsRoberts,Tommyshire,Jamaica,5125333850,9983571638x25087,xzamorarogersnet,20211220,httpwwwcantrellcom
323,85fE9bc7A71dCB9,Kristina,Hunter,FryMelendez,East Isaac,Ecuador,4143879962x8086,2757498108x662,bonnie63pottercombscom,20220101,httpjensencom
324,c9Bb9740d8CEcAb,Shirley,Bowman,Roman LLC,East Dianeport,Reunion,1355782855,0798278903x8117,nicholasvaldezwallcom,20220416,httpwwwmileschapmancom
325,EdaCbdd53cbCEeC,Allison,Walter,Frost Herring and Maxwell,Prestonchester,Sierra Leone,0019974727037x9094,11155311160,ypagepittmancom,20200417,httpmcgeecom
326,addC6FdeBB8Cc31,Frances,Beltran,Hunt Howard and Black,Lake Lindseyberg,Swaziland,4349593569,3731453387,manuelfostercarrnunezcom,20200428,httpwwwatkinsbiz
327,aDd1631F795BFDB,Bailey,Waters,FoxFrey,South Gary,Swaziland,1741188288x93680,0016093766347x05955,jillian22wyattolsennet,20200413,httpmeltoninfo
328,77D767dbb3f1477,Jeanne,Horn,Cisneros and Sons,Lake Billy,New Caledonia,4526407715x489,5806805998x18153,murillobrittneyjohnstonbradycom,20210909,httpswwwhonet
329,7b7A3BaF1d132C2,Jermaine,Hodges,FieldsFrederick,Lake Marilynhaven,Cayman Islands,0015311381723x53933,1288918417,barry83beltrantylerbiz,20220504,httpswwwmcclainbiz
330,55182Fe83475b8A,Jeremy,Clayton,Contreras Hester and Baird,North Renee,Lithuania,4205915533x6400,0382372214,bethmerrittmaynardcom,20210705,httpswwwmcneilvaldezcom
331,31f87aAa0c99Ef1,Tracey,Hardy,ValentineMurillo,Blanchardfurt,Libyan Arab Jamahiriya,5038654828x2502,8411076231,lesterguyfigueroamolinacom,20201009,httpdavenportvincentorg
332,9EcEB3dfcABc16D,Leslie,Mcmahon,Adkins and Sons,East Dominique,Brazil,4032262988,0012601993561x4338,destiny13clinecom,20200714,httpwwwmcgrathcom
333,d3bBF1aAF4ab92a,Peter,Moore,Costa and Sons,West Debrahaven,Palau,10922941882x3430,9897681517,traciliuforbescom,20200717,httpsnielsencom
334,5dD77A41eEf6fCe,Ian,Krueger,Cobb and Sons,West Melvin,Puerto Rico,4563136767,19648897667,uvaughngardnercom,20211025,httpwwwmontoyamonroeorg
335,c292742ce78695f,Crystal,Choi,MendozaFranklin,South Monica,British Virgin Islands,10867508610,7595533765,usuttonharmondavenportinfo,20200529,httpwwwmcknightnet
336,88efB789aF1eAE5,Lydia,Peterson,Downs Bentley and Gallagher,Port Christiemouth,Singapore,0012690072736x370,5516800573,obarrpadillamooreinfo,20211213,httpparkerorg
337,aD4Cf0BF6c3e2bb,Douglas,Waters,Lambert Irwin and Jackson,Natalieton,Czech Republic,3781075527x76570,2017545827x84834,keithwilkinsadamscom,20201019,httpzhangcom
338,Ce330c8e3a46aF9,Tonya,Bond,GillHerman,North Joshua,Luxembourg,0013452686479,6444309939x099,dianemonroegibbscom,20210115,httpbeasleycom
339,DB9fe0FB818Aba6,Caleb,Henson,Hahn Group,Andradeberg,Bangladesh,2767297190,18119862799,whitneymasondunncom,20211015,httpswwwdonaldsonbiz
340,8Df6A40b14badC0,Tristan,Lynch,ForbesCollier,South Spencer,Belarus,16810512503x163,12849182477x066,cassie84fletchercom,20210528,httpswwwflowerscom
341,E4C15dF29d5f9e6,Tami,Mendoza,Calhoun Ltd,East Savannah,Cape Verde,19102310320x38991,0010390525313x5837,lwolfechavezmorsebiz,20210824,httpwwwgoodwincom
342,Df6c56F8bFac68B,Leslie,Howe,Johnston PLC,New Cody,Liechtenstein,6356225865x7344,1168016683,susan82princenet,20210826,httpsbuckleynet
343,fc0Af8936A663F1,Luke,Perez,Lozano LLC,Phillipchester,Thailand,0016742327886x47134,1307645610x8585,crandalllevinecom,20200423,httphudsonbiz
344,8CBa883abAbF420,Gina,Rowe,Hebert Inc,Jocelynmouth,Central African Republic,0202314255,0011734241338x7062,carolinehuntroweolsoncom,20210118,httpwwwsalinassavagecom
345,DbCE25a327a0b3F,Darius,Riggs,Best Ltd,North Philip,Moldova,0012236375084x4810,0012448451001x967,smcintyrejordancom,20211114,httpswwwkerrcom
346,Cbd8d5e5ff4aFAe,Hailey,Hart,Lozano Everett and Vargas,Chungbury,Venezuela,1652503587,9552362658,regina66ochoacom,20200326,httpswwwmccartycom
347,cADa7b0B4A1B03c,Larry,Paul,Gilbert Inc,Lukeside,Cayman Islands,0019429986981x065,9110140068x3764,russell17chavezschwartzcom,20210303,httparnoldbiz
348,d6Fb4FFbee8D4A5,Krystal,Woods,StewartKrueger,Crystalburgh,Taiwan,9192013417x93879,6739584160x00034,hudsonjoanmoranet,20210610,httphowecom
349,6Adb9b8C9C1dDEe,Tabitha,Reilly,Kerr Inc,Taylorshire,San Marino,4757971986x29372,4710915096,michealwhitekrausecom,20220316,httpswwwaustininfo
350,B67FfF99e083091,Roberta,Quinn,Oneal Group,North Phillip,Egypt,9071311623,1558678519x631,ekochmyerscom,20211026,httppearsoncom
351,Bacb2ceBD5eC70d,Reginald,Pitts,Perry Inc,Clarenceton,Samoa,11010282024x849,2578347118x396,robertsonnatashapetersoninfo,20200129,httpnormanbranchcom
352,C3dE0b33e7fdcAd,Jesus,Rogers,Shields PLC,Jarviston,Afghanistan,7381121611x7396,7270634061x3967,frencheddiecontrerasorg,20210201,httpsmccoyharringtoninfo
353,feFdfB76f7bFfBB,Roberto,Roy,Gonzales Cochran and Madden,South Dustin,Lithuania,5653925117,16954507648x736,gnovakhaleycom,20210817,httpwwwmckeecom
354,233b8C0F1360203,Jillian,Mccullough,Melton and Sons,New Gerald,Martinique,0204987132,9022882803x637,lorettamorenokerrnet,20200728,httpswwwmonroebiz
355,A853040cBF735eD,Alan,Valenzuela,AvilaMelendez,Birdtown,United States Minor Outlying Islands,1966489540x823,2795718092,mccannmalloryparsonscom,20220428,httpchaninfo
356,Da75138d7ebCDE2,Kristy,Dixon,NorrisDay,Ebonymouth,Holy See Vatican City State,5355845025x4903,9632638902,jacob13mccanncom,20200503,httpwwwglassmasoncom
357,dFf6f43Aa1fC6fa,Henry,Holland,EatonBurnett,North Julian,Gabon,6156687783x293,18384316386x717,benitezginadownsholdencom,20220415,httpgallegosnet
358,acaa3d9fB5803b2,Diana,Cox,LinFowler,Tanyastad,Macedonia,3506317181x282,0018422340769x5694,crystal25spencecom,20220502,httpswwwsosacom
359,A9ed28AfDac3DBF,Sara,Middleton,MaxwellKennedy,East Ray,Nicaragua,1629202655x570,4231952153,mcconnellglenngayboyerorg,20210729,httpswwwwarnerinfo
360,Cdcbbc5DE7Da3Fb,Jade,Jimenez,MosleyKnox,Wolfeborough,Dominica,0019705324212x5122,0012217968995x039,jaime61wilsoncom,20201123,httpsgonzalescom
361,91CDb04d07fdB52,Carmen,Mcclain,CurtisLyons,Harryfort,Nauru,9352054625x707,2539968355x84538,tsummersdixonvegacom,20211022,httpwwwsinghnixoncom
362,7cC00DeCB8Acb3D,Wanda,Sanchez,Raymond Contreras and Wall,Tuckerfurt,Montenegro,7506891255x585,4412746461,wnashsimsnet,20211220,httpsschultzcom
363,7d013321BF8AE3b,Valerie,Wilcox,Dennis PLC,Coreychester,Tuvalu,13230722035,5915284279,jeanette40bankscom,20200424,httpscummingsdurancom
364,eAEFcdc3A18A6db,Chloe,Hurst,Jacobs and Sons,Duncanview,Tajikistan,0014303825394,1355412560,smitchellharmoncom,20211029,httpsoconnorshaffercom
365,D5aAb5A9fdAD42F,Virginia,Goodman,Salazar Ltd,Jameston,Morocco,1398822263x6505,2239995846,dawn64brockcom,20210521,httpwwwvalenzuelamaldonadoinfo
366,C84ecBaAEF865F5,Erin,Woods,Dawson Group,South Brandonville,Pakistan,8585896684x49913,8130488165x3075,bhollowaycurtisblevinscom,20210327,httpswwwparkerparsonsorg
367,b38a5e1De05Bbdf,Cassidy,Bruce,Castaneda Group,East Eugene,Congo,8940226936,6047681647,dwaynespencekramercom,20220221,httpbenitezlamorg
368,6f3799337d34d57,Sally,Hinton,GloverMccoy,Guyside,Montserrat,2654840824,1643469633,rose26navarrobiz,20210308,httpsashleymcintyrecom
369,86c6c79858896bD,Jessica,Randolph,CruzChandler,Holdenfort,Qatar,3983683018,4905648480x109,kayleehendersontapiacom,20210828,httpwwwvangcom
370,a7Ccf5Cc2Ccb5b3,Kelly,Hogan,Estrada PLC,Jaimeberg,Saint Vincent and the Grenadines,0700233022x79970,5899396535x1505,billmatahatfieldcom,20210907,httphannanet
371,c239cDD7AECcDF6,Derek,Chung,Cooke Downs and Hines,North Adriana,Georgia,14515666684,0013387727020x3153,grahamevanwrightcom,20201124,httphooperbiz
372,BCfEfbb07f9CAe6,Shirley,York,NolanHardy,Rodriguezbury,Brunei Darussalam,2468103195x229,6489043479x933,flemingcindydomingueznet,20200403,httpswwwleondonovannet
373,87fDFB04b140E08,Cody,Potts,Acosta Robbins and Nash,Lunaville,Panama,0796527124,6407974175x5434,fischerselenanovakfitzgeraldbiz,20210419,httpberghardincom
374,Ba6f5aC5B3A0B7d,Erin,Gill,MosleyWhitney,South Rachelchester,Iran,1882277401,1894798815,dixonmelissabrookscom,20210712,httpbentleycom
375,F59f5AaF210DEAf,Nicole,Vargas,Powell LLC,Alvaradoton,Vietnam,0301733258,0017466236061x27545,hrobinsonestradacom,20211212,httppacecom
376,64f8dF266dAD25C,Sharon,Mack,Vaughn Kelly and Meza,Odonnellberg,Saint Lucia,18819105992,10375153146x10582,cristian24hebertnet,20211110,httpwwwoconnorriggscom
377,0efb09C7D23f9D0,Monica,Lopez,Farrell Mcclain and Kaiser,Latoyabury,Maldives,1607534127,5455074125x3231,terrance86orozconet,20210125,httpwwwcervantescom
378,899cbDE6c10eB9A,April,Jones,Daniel Rowland and Heath,Fryeville,Cocos Keeling Islands,18923536504x1617,8234505415x33858,taylor78robersonclinecom,20200130,httpwwwlangnet
379,afd416397924e91,Johnny,Reeves,HoldenCamacho,Lynnborough,Chad,5874809020,18560227557,moyeralejandraballcom,20200812,httpswwwmuellercom
380,386d8552b5Dc6a5,Brandi,Owens,BrayNelson,Lake Jacobstad,Dominican Republic,8202922415x55128,12256116500x76639,karadrakeharriscom,20200415,httpperezcom
381,ac739239aFcF121,Max,Rasmussen,Graves Hardin and Cummings,West Tammieport,Liechtenstein,0019285493512x57008,9447032933x5609,shawrileyrasmussencom,20220306,httpwoodarddawsoncom
382,591CE8Bb3aB2D87,Christian,Moore,Cherry and Sons,South Anne,Gambia,6085361723,3881218428x069,moraleslesliescottcom,20200614,httpsstevenscranecom
383,05Db1ADe4B4EcBE,Tyrone,Holloway,PetersPerez,Pachecoburgh,Tonga,9813810758x5982,8422016104x67378,wdyermayonet,20220409,httpwwwfrancisbiz
384,AaEbfA8864F0Ffe,Victor,Ferguson,Lawrence and Sons,Turnerfort,Comoros,3558237028x2739,9023258758x136,savannahglennwardcom,20210308,httpsbrightnet
385,89436752BeBF3Ec,Logan,Carroll,Chaney and Sons,Melissaville,Swaziland,3272374377,2740746169x920,cummingsjosheainfo,20220103,httpsbarrettcom
386,DaB00C4FE0F94C3,Alexis,Hawkins,Beck PLC,West Nathaniel,Eritrea,0012584583009x78532,0016961189546,lcoxhensleybiz,20200110,httpsraysummerscom
387,E4693ceD4cf2854,Diane,Reid,Mendoza Inc,West Mikehaven,Sweden,0014905333600,10146170811x991,ballmarthasalazarescobarcom,20210618,httpwwwarmstrongnet
388,c4b2df692043bfE,Dylan,Sweeney,MccarthyLeblanc,Goodmanborough,Brunei Darussalam,0016507057867x2798,10094033218x824,allisonstantonmcphersonnet,20210713,httpmoyerorg
389,Fc9BbAdBCC2716F,Craig,Gonzales,ClaytonSutton,Darinshire,Falkland Islands Malvinas,6634842848x3853,8400071243,chungneilflowersinfo,20200423,httpswwwmccluremaxwellcom
390,B13cC1De16A7b2A,Jill,Cardenas,WilliamsonFranco,West Kerrifort,Brazil,0019399092782x7296,2088367061x96279,teresa89wallacecom,20200524,httpswwwharveycom
391,4C07dbd609CCa2F,Timothy,Chambers,AlexanderFarrell,Pammouth,Afghanistan,0019635027652x654,11970268212x6146,sean10fletchercom,20200604,httpsariasorg
392,54b4C62aADAcf02,Jaime,Terrell,Castaneda and Sons,Gilesburgh,Czech Republic,3632207368x6517,0018648104269,ssuttonschroederinfo,20220412,httpswwwrogerscom
393,49D34e92d722DF3,Alejandro,Hancock,Cooley and Sons,Lake Trevorton,Ghana,4813775274x93190,0010311369191x8794,orobbinsbradfordcom,20201015,httpswardorg
394,BE30f4B3Ba7Ff3f,Gregg,Rodriguez,RobertsHernandez,Leonardberg,Gambia,4364804182,0015188476107,bernard04evanscooleynet,20210516,httpsleoncom
395,f5d40eD401b66CB,Deanna,Pacheco,Heath Collins and Pierce,Georgeton,Oman,0063527818,9950970043x13753,courtney52farleyorg,20200522,httpbooneguzmancom
396,FCc33a3b8ddddB1,Mariah,Barton,MolinaMiranda,Hebertchester,French Southern Territories,0011027902116x365,0015169679330,rangelbradoconnororg,20211012,httpwwwmitchellcom
397,6D95f66CAC4bb0D,Valerie,Branch,AtkinsHodges,Port Jenna,Gabon,4309708216x0109,9565390485x24528,jennifershannonlanenet,20200518,httpspughcom
398,cdC6bBAaC9FbFEE,Jonathan,Norman,MaysBenjamin,Josephview,Trinidad and Tobago,4837246953,0011432631582x9707,chubbardhaneycom,20210123,httpwwwtravisvaughancom
399,dD4217ee6E211C3,Samuel,Drake,Myers Krueger and Sampson,South Tonya,Nauru,3012358441x37411,6213378153,xholdenwalshcom,20220318,httpwwwdavidrollinscom
400,c86eBcC5CE23f1E,Riley,Aguirre,Hicks PLC,East Sally,Senegal,0015000575041x46881,9665450597,pattonsydneygrahamcom,20220507,httpstapiaericksoncom
401,fC88F8C5AbE44a4,Jermaine,Baker,Ryan Conner and Boyle,North Diamond,Nicaragua,12193450818x074,1242068062,atkinsonheathersuttoncom,20211129,httpspenningtoncarneycom
402,bCdE8dF145abf51,Holly,Hartman,Rivas Payne and Arellano,Dianamouth,Namibia,18406500263x98690,5095606203x70695,tinakerraguilarinfo,20200527,httpwwwsteincom
403,C81De6a70E3abA9,Haley,Frost,Benitez LLC,Watsonfort,Ethiopia,8405582581x5754,5289253589,snyderfredsantiagoinfo,20201221,httpsmarshallorg
404,d6242cBeEfDCB33,Lindsay,Crane,RamosHoward,South Gabriela,Faroe Islands,2582927721,8247769644,xgordonkingterrycom,20200526,httpmccarthyorg
405,E8Af7340E4969eD,Adriana,Bartlett,Wheeler PLC,West Roystad,Svalbard  Jan Mayen Islands,9302632754,7072753003,makaylalovefoleyrodrigueznet,20200512,httpwwwdukecom
406,70dAab994Ccc3fd,Bethany,Ruiz,Chambers Castillo and Graves,South Andreachester,Syrian Arab Republic,0010082425333x78184,5897976403,caleb30mccanncom,20210602,httpskelleybiz
407,5b9cF88058fDc5B,Gabriel,Weaver,Hutchinson Hicks and Austin,Longton,Morocco,8863496273,10987762644x94466,rellisblankenshipcom,20200708,httpsstaffordcom
408,0e47E9eCDcBaA8B,Jimmy,Heath,Jenkins Clarke and Faulkner,Coxburgh,Rwanda,2888121579x011,5839569435x265,allenwalterescobarbiz,20200801,httpshardinelliottcom
409,ACA39FbBBBBbfDC,Craig,Powers,Trujillo Hurst and Ortega,Grantmouth,Netherlands Antilles,8018408731x59596,3770987729,donnasandovalsellerscom,20210130,httpruizbiz
410,2020A9EE84edF9f,Colin,Howard,GlassShepard,Alexberg,Australia,2683410043,1601477127,manningsuzanneosbornnet,20210109,httpwwwpagecom
411,BD974de968Baf25,Edgar,Zhang,Francis Ltd,New Reginafort,Yemen,11785482749x097,8303032943x766,rbradleybuchananrogerscom,20210817,httpwwwmoorecom
412,DF81cAd9404dcc3,Carolyn,Lucero,RojasRoss,Charlottestad,Bosnia and Herzegovina,8385975076,18266176451x2053,ihawkinstannercom,20200506,httpswwwmcmillancom
413,0B1d8005feeC0DD,Tonya,Parsons,Meyer LLC,South Charleneport,Rwanda,18442432253x59574,6655779008x8036,singhfrankcastillohorneorg,20200703,httpwwwboydcom
414,4EA46eD9c84Ca1D,Marc,Small,TrevinoBennett,Bennettmouth,Colombia,12827506217x95672,0016274377270x3849,michaelcandicebookerhallcom,20210326,httpdawsontapiacom
415,Ebeb0ff7E3afDD3,Dakota,Elliott,Marks Mora and Bender,South Charleneport,Russian Federation,2005312955x94238,6344068299x866,goodmanhaydenmarquezfritzbiz,20211202,httpwwwsimpsoncom
416,b2bEF8ABCaBe83A,Hector,Barry,Hunt Group,Wumouth,Gabon,2280590908,6743448505x74946,ofriedmangonzalezcom,20200313,httpbenderterrellcom
417,7B920F4cdC33Ac2,Morgan,Wells,McmillanRamos,East Yvetteside,Thailand,6820514671x2714,4290340308,alec48copelandcom,20200314,httpwwwfernandezinfo
418,CFd665D3a72d74B,Maxwell,Glenn,Everett Holmes and Sheppard,Miketown,Niue,0017753494096x39370,4778918000x491,stefanie43hoopercom,20210907,httpsrobersonwhitecom
419,c2ba942BF82F54d,Melody,Young,PeckRivers,Port Harold,Switzerland,3016263066,15217930652,brichardcervantescom,20210316,httpspenaclementsinfo
420,ec7fad7E7089Cc2,Alejandro,Sutton,Byrd PLC,Lake Franklinland,Colombia,17978271242x92150,5110747872x222,jillrichmondpughroachcom,20220205,httpsriggscom
421,cBFeAd9059104d3,Jermaine,Banks,Harvey LLC,Lake Martha,South Georgia and the South Sandwich Islands,2156153911x03142,1584133879,wilkinsondaisychaneycom,20200314,httpswwwriddleyatescom
422,c6CAAD726614682,Terry,Woodward,Hicks Inc,Schultzbury,Syrian Arab Republic,0258882467,3959543146x8730,mcculloughkyliefordcom,20220424,httpswwwosborncom
423,d3b6B3EfCdC3F41,Tanner,Cherry,MclaughlinLucas,Noahview,Kyrgyz Republic,3236226142,0772118790x1916,melvin55marksnet,20201023,httpwwwcordovabiz
424,34f20119a4653A6,Troy,Elliott,Sosa LLC,South Robertbury,Equatorial Guinea,1054800123x26243,5301277009,ezamoraburkeorg,20220327,httpswwwsampsontorrescom
425,f6EA334f7a88F66,Barry,Rubio,Brock and Sons,Dalemouth,French Guiana,8798770959x8275,1557241603x410,brad79powellorg,20220428,httpwwwadamscom
426,FBC23eEd22B3edb,Samantha,Lutz,Mcdonald Inc,Lake Hayden,Bahamas,3992721656,0012558287753x476,collin50wilkinsonnet,20200628,httpcummingscom
427,1fcf7f5458afe7F,Wendy,Trevino,Wells and Sons,Port Louis,Saint Lucia,16492463192x6283,7846919443x8233,christyconwayreidcom,20200704,httpwwwallisonbiz
428,df94B1738eaE0Ac,Greg,Mcneil,McclureThomas,Alfredhaven,British Indian Ocean Territory Chagos Archipelago,1347882076x01663,9785577295,anitadorseymccarthybiz,20210814,httpslarsenparksinfo
429,7DbcDf7aA078502,Rita,Hutchinson,Galvan Inc,Arroyoland,Liechtenstein,12811013018x350,1178047358x0642,friedmandeanhodgeinfo,20211010,httpswwwfriedmancom
430,6f8f3ACF87266F4,Rose,Robertson,Chambers Bernard and Rivas,West Brandonfurt,Svalbard  Jan Mayen Islands,10558377879x1252,19174929524,downsjackiecoleorrcom,20200117,httpsedwardsmortoncom
431,7b3c3BB8302cFDe,Paige,Aguirre,BlackPruitt,Russellland,Benin,2943888874x77749,0019395368931x592,robertsmelanieswansonwillisnet,20210912,httpswwwcaincom
432,666bcA5d1bC1bB4,Xavier,Terry,Ray Maxwell and Olson,North Ritachester,Reunion,0010449021021x0730,5865142440x84986,shamiltonwheelerjensenbiz,20211111,httpswwwhughesorg
433,6aFF059e79908Ba,Michaela,Thornton,RiggsRodgers,West Victoria,Norfolk Island,0015129680738x36067,7540071639x8172,raysimonsmithcom,20220422,httpmaldonadocom
434,1C9bd2b561C6079,Kyle,Rojas,Hoffman Brandt and Gay,West Tyrone,Liberia,9923392987x8823,11408022481x9000,donaldsonginaunderwoodcom,20200616,httpwarnerjarviscom
435,de867ED21BE7Be6,Devin,Baxter,Kirby Lang and Galvan,Lake Xaviertown,Jordan,5095291957x1149,0410021326,ubennettmckenziefarleyinfo,20200214,httpswwwritterspearscom
436,e0518740Bc9cfd2,Omar,Farmer,Fuentes Mcguire and Mendoza,Tatemouth,Lesotho,6754419752,9097120209x6904,aowensarnoldcom,20200727,httpswwwroblesstuartnet
437,62C2a7EF506B793,Desiree,Vang,Patel Donovan and Branch,Wigginsbury,Burkina Faso,0014599082770x5164,9745752251x42998,leeeileenpetersoncom,20220306,httpwwwmckenziebiz
438,B8ABA5783fE1901,Fernando,Wade,ChanGood,Rosebury,South Georgia and the South Sandwich Islands,0587001805x79527,6960530556,frederick82phaminfo,20200605,httpwwwschwartzbiz
439,3405dAae1edfFC5,Anne,Winters,Gay LLC,Lewisview,Monaco,1543433537,9682392563x9018,ybanksvelazquezbiz,20210421,httpspaulbiz
440,C06E5CacB0AEabC,Glenn,Harrell,Vincent and Sons,Lake Douglas,India,4108768930,9763663698x59691,luis88calhoungainescom,20210705,httpchanorg
441,c987e6535c414Fb,Tracey,Boyd,McmahonHale,South Victorhaven,Niger,5286322992,0773369071,oconnellkristopherrobertscom,20211011,httpshansenfrankinfo
442,Eb815ff4Bdc3Db4,Catherine,Becker,Ware and Sons,Christyville,Christmas Island,0019528824943x6521,0027276883,qlambertobriengaycom,20220429,httpsmorenobrowncom
443,2eA0Db58d06eBBe,Sharon,Farrell,CollinsKline,New Aliciaberg,Gabon,9614905003,9915785838x671,masseyvickieprinceinfo,20210424,httpolsenpattersonorg
444,Bbc62BCaa7EEc1C,Clinton,Schwartz,Horton Inc,Reedland,Greece,4026886241,6940204032x027,robin51caldwellnet,20210712,httpspagecom
445,Db223E916D7AB44,Sheri,Perez,Velasquez Haynes and Parks,East Krystalland,United States Virgin Islands,1376580730x2226,0763267301,kyle22robbinstrevinonet,20210908,httplaracom
446,CA6Cc405b96dB2f,Beth,White,WigginsHorne,East Hunterburgh,Israel,0012774083148,4490488350x2987,hendrixjoannehooperinfo,20200625,httpwwwbrucenet
447,E83CA6652fFCf36,Cole,Benitez,Daniel Phillips and Garrett,Lake Amanda,Estonia,4857999011,4864647728x6735,geoffrey76gonzalesorg,20220226,httpswwwroachorg
448,7DbAC1a567CaFbc,Caleb,Chapman,MullenBurgess,Port Stanleyside,Kiribati,9173070717,1675189819,lindseymcmahonhaydentuckercom,20210818,httpsmcintyrecom
449,CA2C493E84e823D,Glen,Eaton,White Harding and Gilbert,Rosefort,Belize,0695702406x42623,6564412268,jcantuclaytoncom,20201130,httpwwwcarpentercom
450,3Ab9edfFce89FBb,Cristina,Hanna,McconnellMccarty,West Arianafurt,Central African Republic,10095925692x07601,0010964283465x490,mathew61woodwardcom,20200302,httpwwwbernardcom
451,1fD261D086f6C1D,Kathy,Owens,Irwin Inc,Keithchester,Brunei Darussalam,4572491421,4054919108x80483,ugordonboyerinfo,20200709,httpwwwlucascom
452,D25508749F84F16,Rachael,Keith,Gentry Hurley and Gomez,Shannonstad,Togo,11637335172x202,19340342656x464,paula85douglasmannnet,20211209,httpscortezinfo
453,ff3aB296eC3CbfF,Marcus,Thompson,PrinceHodges,New Gwendolyn,Albania,0296285294,2107548045x73177,gravesjanicericeorg,20210827,httpwwwwallorg
454,9B2bEE619B99C5d,Norman,Mclean,Crosby Ayers and Burch,South Stephen,Equatorial Guinea,1017922248x75474,9292441286,nathaniel65copelandlevyorg,20220403,httpwwwpottercom
455,CaC56Fa7fdB3cBB,Brandon,Cross,Delacruz Hodge and Snow,North Leon,Tuvalu,0013813945895,0018423758326,currysabrinahenrybiz,20211014,httpsrowecom
456,7d719f1bCcaA3Ac,Autumn,Soto,HoLong,Lake Deanna,Niger,8241986767,0018389325550x72809,robertasharpvasquezinfo,20220429,httpswwwandrewscom
457,fe4b7DfcdE855b3,Jaime,Cervantes,Garrison Mccall and Bowman,North Kristinside,Egypt,1198705313x089,3706750668x274,casey71littlenet,20200905,httpswwwwalterfrederickcom
458,2FdF7253F607D57,Reginald,Blankenship,Holmes Warner and Barrett,North Carly,Malawi,0013792291128,3198732500,plawsonreyescom,20220510,httpswwwsmallcom
459,b8bcEF027CaB352,Chelsey,Mcknight,Morse Group,Fordborough,Djibouti,19499596027x4955,5902750778x25496,aaroncollinsnunezcom,20220408,httpsrichnet
460,DdCF0e6Bdfd9abC,Clayton,Lindsey,Gilmore Ltd,North Sean,Greenland,3484285110,11102933625x28970,katiestantonvillacom,20210903,httpswwwhensonbenitezcom
461,d8c5E1952bd52aA,Kurt,Prince,HumphreyCain,Ronnieberg,United States of America,13920217859x819,15156980312x055,thompsonangiemaycom,20220505,httpgibbsfriedmancom
462,fEDfBd9AefCEE86,Joy,Choi,Montgomery Group,West Jermaineton,Dominica,11099267595,7539033686x6517,sheenarichardsharrisoncom,20200225,httpdanielwaltoninfo
463,01AEbCbD0cB7cCd,Jeremiah,May,Larson LLC,Gabrielleland,Macao,2620140619x128,0018786468559x7157,fgoodmanlivingstonorg,20210729,httpscamachonet
464,2B700A47d0a7258,Candice,Huang,Barrera Conway and Holland,New Joanneberg,Guinea,0756485185x0727,8704228273,adamsjimlunacom,20210430,httpportercom
465,F0DC08bBe5C8d84,Alejandra,Tran,Blackburn Hampton and Conway,Karatown,French Guiana,1547820511,2206682080x680,kporterkelleycom,20211226,httpwagnerorrcom
466,1DdAAb3C139CD4C,Shaun,Richardson,Cunningham Grimes and Cameron,Rachelview,Armenia,13341076270x7050,5825748554x70093,craigkentwallercom,20200120,httpwwwhoustoninfo
467,7A0dA6ead4EdAb2,Darryl,Russo,Copeland and Sons,Scottstad,Nicaragua,8139614357x6049,8371393971x450,qbatesrandallcom,20211026,httpzavalacom
468,6614c31711BB58e,Joe,Cabrera,Wilkinson LLC,Kimberlystad,French Southern Territories,5763311523x4246,7972407903x95135,wesleymcfarlanddunlapinfo,20200506,httpsroweinfo
469,Af7F1daF5fFc3aa,Travis,Duran,Vincent Watson and Esparza,Port Russellmouth,Uganda,0014222371259x85115,0442738508,rshieldsmackcom,20210723,httpwolfenet
470,D91DbdaF9AbE2C5,Warren,House,Frazier Cain and Santos,Lake Devonmouth,Togo,0019588635451x76396,8246954872x9613,brittneytravissalinaszhangorg,20210909,httpswigginsorg
471,8aaA7b93ecb0a6a,Katherine,Haas,Villegas Stanley and Calderon,South Tonya,Eritrea,16009429704x234,7432751760x259,iheathwoodwardbiz,20201219,httpwwwschmittbiz
472,9572F1AbCFCF09b,Karen,Burton,SteinHess,South Andres,Cote dIvoire,8081177855,6084133968,gary29craigorg,20210409,httpswarnerinfo
473,69285d4cD0bE6ad,Logan,Riddle,Leach Gutierrez and Villarreal,Weberview,Jordan,9771238872x405,4981780105,valerie78osbornenet,20220508,httpwwwchristianinfo
474,9E2eb00EF367Fa2,Kathryn,Hester,Lam and Sons,Port Paigefort,American Samoa,0012981356349,10102690735x017,mccartycandacemcleancom,20220122,httpskochwilliscom
475,F69a0ecCD997c2C,Christina,Villegas,Mercado Ewing and Villa,Vickimouth,Nigeria,4707383122,7356365836,isabella03rojascom,20210911,httpsmercadocom
476,05f1D7bA2Bd4764,Joel,Walters,CuevasVaughn,Carlsonfort,Cayman Islands,0017511584289x09917,5180343166x4102,icalhounscottcom,20201021,httpwwwcunninghamnet
477,AdBE0cFb4dF1233,Frederick,Delacruz,Beck Lambert and Sweeney,Brianbury,Djibouti,7485075124,19036128499x784,kiaramaciasbankscom,20200205,httpswwwchurchcom
478,C2Cb929eB37D1c6,Warren,Cantrell,Hood Mora and Murphy,Whitneyburgh,Korea,6981654951x0179,2582159895,darrell62dicksonnielsenbiz,20210806,httpswwwcarlsoninfo
479,196cd1bEBf9BE88,Melvin,Bates,FryRoy,Karinabury,Vanuatu,11885960811x285,0018198693693x57329,rashleyrobbinsboyerorg,20210127,httpsvasquezwhitakercom
480,e140badD88486b0,Meredith,Pollard,Gilmore Ltd,Anthonyshire,Sudan,0013182437439x5141,2295057411,sandy88doughertygordonbiz,20220105,httpwwwmilesinfo
481,14ec4E6B5a11fAa,Dawn,Hines,Kane Roman and Osborne,Collinstown,Paraguay,4692760499,5216723210,nataliemedinamitchellnet,20201017,httpwwwhuberorg
482,2aA82CEc2Da615d,Audrey,Goodman,JenkinsMurillo,South Rogerhaven,Yemen,2530282881,1191623054x983,martinjeanettepetersencom,20211001,httpwwworrorg
483,6AAe1afbFdAeAFf,Kurt,Waters,Molina and Sons,Port Shane,Papua New Guinea,1842707286,12553554039,sanderscheyennepeterswarecom,20200303,httpswwwweberwatsoninfo
484,bBfce6c3cCaB04e,Eugene,Harper,Rowe Aguirre and Holloway,East Josephfurt,Serbia,11155181104x112,3989641689x17341,charlotte42bowmanarellanobiz,20200614,httpsterrellproctorcom
485,EC8627a6230b960,Caleb,Eaton,Franco Blankenship and Nolan,Rileyburgh,Sri Lanka,1736964162,3593006512,weverettdixoninfo,20200713,httpswwwbellnet
486,06Fe765659a7ace,Kaitlin,Mejia,James Bowman and Bass,Lake Alechaven,Latvia,0014618000549x5927,3737023645x65021,ross23hoopercom,20220408,httpwwwhicksinfo
487,2eF88CDC6ad286b,Jennifer,Mercado,Espinoza LLC,South Vanessaton,Cayman Islands,0016422435591x490,4888680611x9734,deannamillerboylecom,20200512,httpscollinsnet
488,7Ee692dCD8CAD8F,David,Cardenas,CortezFlowers,Tanyabury,Bahamas,0784306698,4152153767x99040,mpettyclarkallisoninfo,20220123,httpwwwrothcom
489,1C6Dfa0EfEd96A3,Jenny,Reid,FrenchNorris,Karenmouth,Malaysia,0577947283x0115,3229464033,dustinrhodesfischerhendrickscom,20210116,httpwwwburnettcom
490,6a46bcD3CdC56d2,Lonnie,Frye,FoxSmall,Carlsonfurt,Panama,5584810137x0251,0012831382489x0629,ronnieprincehaleycom,20210903,httpzamorawongnet
491,0AcD9d0bA01EBB4,Janice,Mayer,Cobb Chen and Fitzgerald,Port Sheenaborough,Jersey,0011684235408x6465,6094096722,careyspencerellisoncom,20200619,httpswwwwelchhoustoncom
492,acf26D1e0A5Facc,Debbie,Bates,Fox Lara and Short,South Toddchester,Sweden,8903907381,4850056386x1941,sfrederickfowlercom,20200530,httpswwwstevenscom
493,4EfBeB41A29fA5e,Jean,Christian,Sawyer Group,Hartburgh,Jordan,8047529766,6709386982x3428,gregory88kaneatkinsorg,20210328,httpsfrederickdawsoncom
494,0115aEF33Ff7afC,Philip,Harding,BurgessStephenson,Jenniferland,Turkmenistan,1617359006x7587,14420097438x072,barrerasamanthamanningcom,20200510,httpriveranet
495,7c30B97c1CB579e,Jillian,Oneal,Chambers Inc,Knoxton,Cape Verde,0014886051551,2021859949x890,wilkinsontravisboothcrawfordbiz,20210928,httpshepherdcom
496,dfAFD00fa9374d0,Mindy,Christian,Fox PLC,Jesusfort,Liechtenstein,0616337317,12858276290x8369,jessicagillespieibarracannonorg,20210804,httpskinnerfinleycom
497,2EC8778AB8bdABa,Bobby,Mclean,Mosley Group,West Normanborough,Cote dIvoire,0018411186847x3429,5845438832,hodgekiaraconleyhaynesinfo,20210602,httpsnicholsoncom
498,E040edB499A6132,Amanda,Santos,CamachoLamb,Freemanberg,Antigua and Barbuda,0929838391x0219,6261584763x92618,slivingstoncherrylarainfo,20220529,httpwwwmcneilgouldbiz
499,aB9FF85332Bfb2a,Ralph,Buckley,Tate Wall and Trujillo,New Tara,Montenegro,0010271905941x6139,14283354962x296,hansenjoshuapughcom,20210515,httpswwwfuentesvanginfo
500,390f4Fefe8CD44d,Brian,Montoya,Short and Sons,West Mirandaside,Gabon,0115129780,8574388344x51367,jblankenshipharpercom,20210127,httpboonebiz
501,BedC4Fbf851fED8,Joann,Dyer,SalinasStephenson,Lake Chadside,Nigeria,3818103453,2133444115,llowemcmahonbiz,20210603,httpwwwfitzgeraldacostainfo
502,8bDC7FCd0bDD1A3,Rhonda,Cook,PenningtonLee,Zamoraburgh,Lebanon,18070895478,12454394377x124,rollinscristianharveycom,20200514,httpwwwnielsendavidsoncom
503,fcaF0A4f9eE28F0,Charlene,Huffman,Henry Weeks and Cantu,Stanleybury,Korea,16070801677,8286795363x85711,belindawallswalldaltonbiz,20220401,httpwwwreynoldsorg
504,8f7B9864aF6B829,Abigail,Shah,Ortiz LLC,Mercadoland,Sierra Leone,3369249620,0410774981,ecollinswisebiz,20220311,httpswwwcantrellbiz
505,D2b1feDDA3BEBDF,Frances,Bridges,Lane and Sons,Port Virginiaside,United Arab Emirates,0632074071x2868,0953095610,nicholemccannlogancom,20210907,httpwwwcalhounnet
506,2AC8cD1Bdc5AAe5,Belinda,Kaiser,Hull Inc,Phillipsbury,Malawi,0889726248,0101328522,susan95burgesscom,20220417,httpwwwsheltonmaxwellorg
507,f5319CE131F7b18,Michael,Griffin,Finley Molina and Ortega,West Sophiafort,Syrian Arab Republic,5204295635x25615,0015405306719,priscilla21richmondcom,20200331,httpwwwgrantcom
508,35DefAbbBaD45a7,Brooke,Briggs,Daugherty Bond and Mcmillan,Mezaview,Sao Tome and Principe,5228884371,1994917408x259,moraleonardgrantmurphyorg,20211218,httplinhardyorg
509,c99EcB1cB9CBCab,Desiree,Sloan,Mccann and Sons,North Kyle,Vanuatu,2667963286,4315190763,pittmanjaypruittorg,20201107,httpsdudleyinfo
510,5c6ACAAA8dFE4b1,Jared,Floyd,WatersNovak,East Tylerton,Jersey,6987524375,0016756972813x563,qenglishhuangcom,20200610,httpswwwschroedermoracom
511,214a9fEFFc6F0eF,Latasha,Spencer,Castro LLC,North Kimberlychester,Honduras,13787457782,0012773261042x437,sean06bridgesserranocom,20210814,httpswwwrittercom
512,3EBf95cB4fBa76F,Joy,Mack,Blackwell Group,North Stevestad,Latvia,8934943142x496,16897065612x10765,calebsolomonlibergcom,20220320,httpoconnorhalecom
513,7E044bcbEedBB85,John,Rhodes,Luna Flowers and Beck,Port Sylviaton,Iceland,0622978516x2490,0010753209636x79858,jamiemontgomerycameronorg,20220107,httpchandlernet
514,fdC0B083Cae9B4e,Claire,Schaefer,LynchPittman,Stuartmouth,Algeria,0014664122339x568,0011918779968x593,hannah33leachfreycom,20210121,httpwwwdominguezhigginscom
515,6f2BBDD4A57e8DB,Judy,Nguyen,Graham LLC,Lindsayburgh,Uruguay,2259858787,7562869024x04667,tmosesmuellercom,20220521,httpodomcom
516,b68E5a53fBb0C4A,Andrea,Dennis,Kramer Ltd,Colemanfurt,China,2910378984x1081,0019905551905x268,stephensonkevinrojasstrongcom,20201216,httpsboydgilesinfo
517,CE4824D6Efb613b,Karla,Middleton,Bradshaw Mcbride and Gamble,Mayton,Mongolia,1626312031x11874,0859539812,nathanielmorenocunninghamcom,20211110,httpswwwfrazierlogancom
518,Ca864FdF34fFceB,Sean,Coffey,KirbyCoffey,Silvaberg,Anguilla,0477245640x598,1983770945x28270,tbartlettknoxcom,20200923,httpsharringtonnet
519,C9bc697e05CA8e7,Nichole,George,Stout Group,West Charlotte,Greece,8217631287x67117,2835785979,warddeboraheatoncom,20200303,httpavilanet
520,F93CdDD9A6aC9a1,Justin,Dougherty,Gregory PLC,Greerbury,Netherlands,2468288047,0010566022258x5044,robersonangiethorntoncom,20200122,httpwwwgarzacranecom
521,d07a675F0A632F5,Devon,Smith,Morgan PLC,Brandtville,Libyan Arab Jamahiriya,0011282949900x938,6277889037x70639,glenda72hobbswattscom,20210823,httpsuttonnet
522,666bAC9090ca824,Becky,Scott,CoffeyMcgee,Haroldport,Jersey,0016701362445x2162,0016704320447x3507,rblackbensoncom,20200213,httpsmclaughlincom
523,2B73dfDF8fBFc90,Misty,Espinoza,Baxter Sims and Braun,Mataport,Luxembourg,8958143127,8754076537x3990,zbarronrosscom,20200627,httpswwwmosleyvazquezcom
524,3ba5E3fAE68d927,Franklin,Rivers,BeasleyLewis,East Joan,Reunion,6452262596,0016741299945x1699,miguel73fisherhatfieldorg,20200307,httpmitchellhocom
525,e17e36c40fA6dFD,Leonard,Barber,Stevens Ltd,Lake Jasmineview,Rwanda,3398971478,2198860043,gainesbethanywashingtonpearsoncom,20200112,httpwwwhurstnet
526,D50d9BfDd00D08d,Lonnie,Price,Ibarra Horton and Williams,North Kirk,Cayman Islands,7763149384x06185,1317059951,hbradshawwangbiz,20211129,httpwwwsosabaldwincom
527,580D7BbFef6D2A9,Clarence,Cantu,Dudley LLC,Robertstown,Gambia,8118263109x160,4494065960x2208,billy41malonenet,20210321,httpdanielcampbellinfo
528,9ffeC6Dd1ADdeA5,Johnny,Foster,Terry Fletcher and Mclean,South Chelseyton,Puerto Rico,9972996070x719,4951832808x341,lancebeniteznashinfo,20211019,httpswaltonnet
529,DBa86561f0eb9EE,Richard,Vasquez,Glenn PLC,Stanleyhaven,Burundi,0014162405397x41745,9075786058,jonesjacobdownscom,20200403,httpwwwkaufmanbraunnet
530,3B596CDe02dE7C1,Tabitha,Compton,CantuHunt,West Tammietown,Mozambique,4151489992x348,8829794505,joneskrystalblackburnnet,20200326,httpswwwvillegascom
531,7B9dcC1B6F12d4c,Adrienne,Wong,Barrera PLC,Anthonyberg,Gibraltar,11048678861x020,5387201716x6556,yjenkinslowerycom,20220225,httpbrowningjenningscom
532,4Ec632DE79B28EB,Jorge,Farrell,Delgado LLC,Dylanberg,Australia,0017443180340x612,8003151557x32359,alfredsnydertranellisoncom,20220421,httpsmcknighttrevinoinfo
533,4dBDe7b4c50Acad,Kathy,Richards,Ellis Inc,Fieldsside,Turks and Caicos Islands,16416503021x87498,19454914799,anitavillarrealreillycom,20200621,httpwwwandersonnet
534,6ab786F1B0eEb62,Larry,Ellison,Horne Lloyd and Bolton,South Cristian,Sweden,0017018671383x1224,7410525344x945,chelsey46calhouncom,20210715,httpstaylorcom
535,b83Baa3FB8bD6d9,Gabrielle,Chaney,Acevedo Randall and Harrell,Tanyachester,Guadeloupe,4468159851x55536,8564381122,ulogangilmorecom,20211005,httpswwwwashingtonbiz
536,8f2fcb5fF2bb8F3,Maxwell,Macias,Marquez Poole and Chang,New Edwin,Maldives,14713775595x163,8963582977,ray95barnettcom,20210804,httpswwwmccoycom
537,6E0e975BFDCE575,Joyce,Chan,CrawfordNielsen,Isaiahfurt,Serbia,9913334640x442,7316480003,calhounkarithompsoninfo,20210526,httpswwwsolomoncom
538,a0Ac0205DA5CC61,Kari,Durham,DurhamDean,Lake Julianberg,Greece,6044913461x377,9449147694x877,kathrynsimswongchapmancom,20211103,httpswwwtrevinocom
539,ef1947B9fcf1f73,Trevor,Mckee,Moss LLC,North Reginaton,Togo,7750202079x497,7810754104x626,nicholserikacookelenet,20210704,httpwwwcartercom
540,1F435Bcf1e6F9e4,Diana,Thomas,AliStark,Rodriguezfurt,Greece,7355123835x8357,4645464247x534,brendan87halecom,20210514,httpwwwortegacom
541,58c352c869a7441,Cynthia,Moss,Colon LLC,West Matthewside,South Georgia and the South Sandwich Islands,1158104850x424,15016131924x0604,victoria21popeortizcom,20220416,httplambertcom
542,276ec18f5546bd1,Billy,Garrison,Travis Nichols and Farmer,Andreburgh,Mayotte,3613855690,1721853624x850,kylie93pattersonnet,20211020,httpswwwtownsendcom
543,20bE2068b3dF6fC,Grace,Austin,Petersen Barrett and Leon,North Yvetteview,Sierra Leone,8739491983x4897,7030204180x3468,hayley87washingtonorg,20210810,httpwwwtrancom
544,531EC46d609AFeA,Kerri,Hamilton,Hart and Sons,North Karaside,Yemen,12937788348x6650,5834357303,scurryschaefertateinfo,20220228,httpswwwlawsonmaddoxcom
545,dfB30AeFafbf803,Kaylee,Wright,Randolph Butler and Burgess,North Douglas,South Africa,16989543625x127,0012546914551x82898,barbara31pageinfo,20201210,httpswwwpachecoreillybiz
546,9Dc9cD4BeB07bfb,Manuel,Delacruz,Wilson Kline and Bullock,Port Cassandrastad,Papua New Guinea,6088504442,6232510095x204,alexandria98shieldscom,20201222,httpswwwandradeinfo
547,dD82a433b8fbBFe,Helen,Baxter,Schneider and Sons,Garrisonberg,Bolivia,16978040117x4196,0013621736686x307,pacenatashawhitakercom,20210811,httpwwwboonebiz
548,0001fA39dA6D349,Leon,Hendricks,Hood Inc,South Angelica,Chad,2797410423x69516,3141479581,drew59stronginfo,20200731,httpowencom
549,4fC75A4a7d9Cd2E,Henry,Contreras,Rice Simpson and Russell,New Michellefort,Slovakia Slovak Republic,3550170172x376,0746855808,gregorymcfarlandrodriguezcom,20200605,httpswwwproctorbiz
550,3C0fC61afA3B2Ec,Gerald,Tanner,Fritz LLC,West Leslie,Western Sahara,18280782073x85914,0010456446264x19063,isabel75rubiocom,20210330,httpslawrencecom
551,4Ee0B5C383a4f3d,Ariel,Arnold,Stokes Floyd and Bradford,Michaelport,United Arab Emirates,7304286709x177,3751154370x24502,sarroyomejiacom,20201114,httpsolisorg
552,d58EDBdF7d212E0,Judy,Fisher,RiggsBeltran,Juliestad,Fiji,8138233028x1288,0017093262736,dflynnspearscom,20210418,httpyoderbenderinfo
553,197f76Faea8e47C,Miguel,Wood,Cooke Mcgrath and Morse,East Douglasberg,France,7724709914,7515826549,hblankenshipellisonbiz,20210116,httpwolfecom
554,cc5D6c37d36FdDd,Lance,Gillespie,CollierJames,South Timothy,Lebanon,6138021612x3942,8470836365,urojaswolforg,20211016,httpshafferschmidtcom
555,a4Af4C89e95B721,Natalie,Wang,Holt Group,Mercadofurt,Macao,3139743712,14728594959x6829,larsonrayhodgesbartlettnet,20200201,httpswwwruizunderwoodcom
556,f1eaacc6D98BAba,Charlotte,Byrd,BensonGardner,West Rita,Ireland,8725386164,0013969150854x2390,braunjillianmcintyredelgadocom,20210408,httpswwwgentrywoodscom
557,fe4DAb8ead6b6a9,Chelsea,Wagner,Hurley Shepard and Harrell,Port Cristianview,Bosnia and Herzegovina,9348650142,9294367329,clayton96knightcom,20200712,httpsaunderswarrenorg
558,A8497fe0cce772F,Larry,Rollins,Michael Cunningham and Ellison,Krausefurt,Djibouti,5846747798x202,0265713238x7767,spearsmarissaflowerscom,20220427,httpswwwricecom
559,05b6ed3aEACDaa3,Paul,Leblanc,HolmesGates,South Heathershire,Rwanda,2866801556x571,7242266354,wolfedaniellepittscom,20201228,httpwwwcaldwellcom
560,BE9fae1Ac10B5b4,Caitlin,Vance,Phillips Frazier and Blair,New Julia,Korea,3884019174,0012799818633x01405,bonnieparksritterflynncom,20210626,httpmorenocom
561,fE90dD920AAA4bC,Adam,Shaffer,DiazHarrell,Garymouth,Tajikistan,5431381663x40499,0012914306991x7025,isaiah33holanecom,20210416,httpliucom
562,5D86bBC0dd02d40,Martin,Rocha,HallDaugherty,Oneillfurt,Niger,19702767201x890,0011046701800,montgomerycharlottewongcom,20201101,httpwwwcookwagnercom
563,E8DC64C4e67fDA3,Ronnie,Erickson,Miller Lucero and Mccann,South Miamouth,Papua New Guinea,1069630970,0011937963473x34614,tricia95mcdonaldcom,20211221,httpwwwvalenzuelacom
564,b8003a3D4b8107c,Sheryl,Delgado,Manning Ltd,Tracyfurt,Liechtenstein,3058302923x7751,0015241958332x4353,larry51starkcom,20210805,httpsjarvisbiz
565,b57CabD45Be54e4,Kristen,Williamson,DoyleRodgers,East Kayleetown,French Southern Territories,1227958554,1650534906,watkinskayleepachecobiz,20200427,httpshomedinanet
566,Fb0e378Af6Ee37e,Cole,Warner,Grimes Inc,Port Kylieside,Bhutan,17230600979,5951201719,dorislucasevanshartmaninfo,20220306,httpmosesnet
567,Ff5aB5C9b6f2Da7,Lee,Mercado,PierceWilkinson,East Normaville,Panama,0016888800262x9032,12658375389x679,wilkersonnicholascrosbynet,20201115,httpsstricklandcom
568,5B7CEEAeFBD3710,Paula,Bates,Lin Group,Phillipsville,Taiwan,0011278104196x93626,0389079821x7976,sethrhodessilvaorg,20200322,httpcookecom
569,8F952d03DDC9EDa,Claire,Shaw,Ayala Krause and Hendrix,Anthonyville,Bulgaria,2323255438x4420,0010567750843x4935,chaynesrasmussencom,20211019,httpleachcom
570,6ea6dfAEe57f29E,Amy,Mclean,Rasmussen Pacheco and Mccann,Shortmouth,Cote dIvoire,8649924522,6936513468,hamptontammiegonzalescom,20201127,httpsriveramaddenbiz
571,dE4a58E2dd040dC,Joshua,Winters,Bolton Inc,South Terry,Luxembourg,5359938658x5889,13500716934x6381,brittanylandrywhitakerorg,20210715,httpscarlsoncom
572,82CE976694CDE15,Brian,Pittman,Friedman Montes and Valenzuela,West Meredithshire,Faroe Islands,0013062733597x195,12957309977x128,stevesuarezwinterscom,20210411,httpswwwbrandtromerobiz
573,0E3b1a3f39221Ea,Jeffrey,Waters,Montoya Inc,Jesseville,Bouvet Island Bouvetoya,0017855261474x848,4316807410,mezakristinahuntcom,20201030,httphartmancom
574,393d4147E61d8F7,Denise,Barber,TerryWalls,East Katelyn,British Virgin Islands,0255762512,7955243346x5494,qmyersdominguezdoylenet,20200914,httpswwwlutzparksinfo
575,FAcBc1dd26EeAfD,Wayne,Sanders,Patel Group,Lucasmouth,Tokelau,6216972099,5460144508x60062,esheasimmonscalhounorg,20201004,httpkellerbrowningorg
576,4caAC4F5175aBeF,Sandra,Sparks,Allison Fox and Norris,Carneyfurt,Saint Kitts and Nevis,3876230064,13007252231x39226,mcgrathdaltonbarrcom,20201017,httpdominguezbendercom
577,c8C434b1A3dF31f,Jose,Singleton,McfarlandMay,Haleyfurt,Azerbaijan,8297910792x681,9103536018x69237,donhoodgilmorecom,20200207,httpsmorsevegacom
578,aF4fA3aCA4bD5eC,Joel,Shea,RichmondHorne,South Alisha,Palau,15170168892x66533,0606595698x44574,gfarleywheelerayalacom,20220529,httpswwwmercercom
579,895c3d6c2B7f017,Sergio,Marquez,ArroyoBraun,South Kelli,Chile,0018415502611,2084699060x71338,darrylbarkerhebertcom,20210209,httpswwwchangshortcom
580,fEceCCA3A41c4b9,Latoya,Decker,Cooke and Sons,East Franceshaven,Mauritania,0184986552x49343,8416743732x117,audrey14hopkinsserranobiz,20220416,httpwwwkochcom
581,9277977d7ff97fD,Chase,Guerrero,Mccarty Quinn and House,Armstrongtown,Gibraltar,3451392949x294,2636844360,randall08palmerwellscom,20220503,httpswwwandrewsbiz
582,0dCeC4a8cAeefc2,Jeff,Tate,Brennan Inc,East Robertatown,Nicaragua,17239515181x51343,8711911785,carlsonguymasseybrocknet,20211012,httpherreraorg
583,1Ca8b16dAd6F75E,Brandy,Valentine,Kidd Gibson and Ramos,Janetchester,Romania,0013289430547x44801,5014703426,dkirkbartlettgrossorg,20210108,httpswwwmcculloughcom
584,1d9E6c096AfD0bb,Jade,Vega,Ruiz Mcfarland and Terrell,Lake Jaclyn,Guinea,8529882801x920,15519829314x651,ihaynesvelazquezrobertsonorg,20200104,httpsanfordcom
585,D85Baf7dAe6aba1,Melody,Nielsen,Rush Snyder and Bridges,North Chris,American Samoa,7925274293x9478,0010435417271,biancaprattespinozaorg,20200204,httpswwwjordanhoopercom
586,05a3385fc5a8cc1,Brandon,Webb,FerrellFitzgerald,Reyesstad,Peru,2474963617x4442,9387253867x2355,cheyennemurillocampbellcom,20211212,httpscoffeyzimmermancom
587,6f3fa641ccba5EB,Jean,Mclaughlin,Rivas Frey and Figueroa,Thomasstad,Lao Peoples Democratic Republic,3168852486x37693,0745994682,jeffrey93russellbiz,20201030,httpwwwvangorg
588,cc4CFf3Cae8Fa5C,Albert,Case,Henson Heath and Delgado,Lake Lonnieberg,Saint Martin,1409330227,6225902182,krystal85aguirrecom,20220102,httpwwwwisecom
589,cfa4f67fF42bCa2,Jose,Duarte,Robertson Inc,Kristaland,Reunion,0019216287818x742,18019427744x263,billykerrmartinezorg,20211107,httpwwwchavezbrowningcom
590,aA04De37fe1EFcE,Jennifer,Brady,HamptonRiddle,Stanleyborough,Zimbabwe,5597377735,1031151924,darrell48robinsongravescom,20220309,httpswwwcarternet
591,d3944d30ECa7a7A,Angel,Conner,Banks Pierce and Romero,Port Marieland,Cape Verde,17990381973x31589,1388704598,fgeorgedanielscom,20220519,httpswwwconnercom
592,BAcC813eAe0B26e,Alyssa,Gamble,Mcclure Raymond and Mccoy,Olsontown,Zimbabwe,4460774531,0458530498x60306,donaldsondamondicksoncom,20200824,httpswwwmcbridecarpentercom
593,D48fdcDF9d7A214,Lawrence,Campos,Pittman LLC,Heathfurt,Uganda,1269686585x449,8525893656x973,santosrussellhickscom,20220209,httpsrussocom
594,66bf59d65365BBB,Joyce,Michael,Maddox Wiley and Vincent,New Soniatown,Mongolia,0019240510560x8625,5657776001x82954,tomwyattfischermorganbiz,20200906,httpwwwschmidtcom
595,43eD93bE0Dc7F95,Doris,Fox,Hudson Fritz and Mcdaniel,Huntville,Sudan,0494416524x3925,7344418701,gerald81norriscom,20200709,httpswwwclementsinfo
596,9eEdEaf8F8e087c,Johnny,Harris,CostaFranklin,New Rickstad,Norway,9340067345x1991,0015874840001x2965,ihutchinsonbassnunezinfo,20210122,httpswwwnicholswoodwardcom
597,e35daaaE8442628,Leroy,Vargas,Acevedo Ltd,Reillyburgh,Ghana,0017319951045x73172,19143156834x81210,helen10mcgeecom,20210213,httpwyattcom
598,9dd1f1f82b87DaE,Diana,Green,Bishop PLC,South Andrewville,Kazakhstan,1330301835,8540867574,anaroblesbartoncom,20200321,httpspughhicksinfo
599,DF017FED418CdCb,Victor,Bowman,Nolan PLC,North Johnnymouth,Panama,8559041357x422,0353634858,nkeybuchananinfo,20210119,httpwwwwyattbiz
600,cdadAFc0c4CA025,Alexis,Perry,TannerMullen,Darrylstad,Faroe Islands,8640689264,3309100017x458,singletonbrianacameroncom,20210712,httphollowaykentbiz
601,1C8dBF1415ba679,Xavier,Mooney,Boyer Hatfield and Powers,South Antoniochester,Jersey,0018715440771x92696,5843117603x86068,jessesavagebarrmathewscom,20201005,httpwwwglennjenningscom
602,8f0a3ba91c1Eb43,Lawrence,Gross,MilesHodge,Bradleymouth,Ukraine,5149791897,9584062654x6442,ryan38delgadocranecom,20220210,httpswwwdickersonorg
603,bB93cEc8d4FeaAC,Albert,Myers,DaviesBenitez,Port Moniquehaven,Honduras,0014314567655x0805,0283039837x6938,wnielsenreevescom,20210525,httpswwwgentryfryorg
604,2e5a2200bD6C818,Mikayla,Oneal,Cannon Ltd,Terrancetown,Tajikistan,6675206791,0019007523397x3507,rbryantritterorg,20201111,httpevansinfo
605,3BaB4b80DDAeDB7,Frederick,Mcgrath,Dennis PLC,Port Jodyland,Falkland Islands Malvinas,2828803704x78176,6135159331,jonathon19hicksnet,20200629,httpswwwbeancom
606,698Df6Cf9f97ddF,Kirk,Benitez,Bates Baird and Bryan,Sharonside,Bolivia,3930098348,2369789898,mconleymercadocom,20211224,httpbaxterbiz
607,AbcaB8cF43b0C1d,Alex,Mcdonald,Bradford PLC,Candacestad,Egypt,6618559643,7051468342,bailey40lecom,20200229,httpsimmonsinfo
608,42b9A4e192da5C6,Trevor,Hayden,JacksonTrujillo,Lake Angie,Bangladesh,10546717769x0601,15349098260x8938,kathleenvillanuevabullockcom,20211208,httpwwwdaltonnguyeninfo
609,d8F1245a7Bac36c,Sherry,Lane,Randall and Sons,West Joel,Antigua and Barbuda,12917707166x110,16438564305,vmorrisoncontrerasnet,20200516,httpssteeleorg
610,DeBD13fe82A9E5f,Mallory,Pratt,LandryCarpenter,Payneport,Malta,8864076741,9140788338x178,cunninghamshellyhinescurtisorg,20200314,httpschristensenirwinbiz
611,Dcc46b0FcAfB2C9,Daniel,Flores,BarajasGordon,South Carrieshire,Guatemala,15715213846x57224,6354789851x46782,bvancepollardbiz,20210712,httpwwwnguyencom
612,2F83b82be96bc01,Jesus,Kane,Conrad and Sons,Clarketon,Brunei Darussalam,1089710721x622,1236947165x7313,moyertanyasantosfletchercom,20210428,httpswwwelliottinfo
613,4a52741EB5a7Ed1,Gilbert,Hendricks,Goodman Hinton and Douglas,South Francisco,Malawi,2210893081,5957712492x76080,castilloluiskentreesebiz,20210627,httpwwwhooverfostercom
614,05c1eCeEfE7DDE9,Kerry,Sanders,LarsenMurray,New Grantshire,Montserrat,0012264449485,3497601899x2643,zcasemccarthypattoncom,20220429,httpwwwswansonorg
615,6d4bAbB01c22E0F,Alexandra,Davidson,Morrison Ballard and Alvarado,South Latoya,Botswana,0461724456x00453,0014071181116,deleonclintonharrisonsmallcom,20200611,httpwwwriveracom
616,8ce2a9f6BB02b0d,Vincent,Carey,MurphyLopez,South Clayton,Jamaica,0017007827652x43567,5166995908x3491,josephmeyercameroncom,20200912,httpswwwcobbbiz
617,F9AEc2F51C5EDaE,Parker,Russo,FoleyYoder,East Dorothy,Malawi,8001347296,8445038567x9308,hancockbriannamccannorg,20200102,httpsperezpollardcom
618,9385f009fFFA723,Ebony,Velasquez,CaseyKrause,Dennisfurt,Mexico,2738732514x0301,9312982694,marvinschmidtlopezcom,20210222,httphaleyhocom
619,E8a23B90899B6d7,Jesus,Holden,Carlson Ltd,Cathyton,Saint Barthelemy,2019239778x77610,6579684312,rutharellanostaffordgrosscom,20220105,httpsayerslyonsnet
620,10E34ADcd62bB92,Candace,Chen,RaymondRomero,Stacystad,Aruba,5807845445x8799,0015026349741x41298,candiceguzmancarlsongrahamcom,20210615,httpwwwestradaolsonbiz
621,33a3Afa322E1033,Juan,Saunders,Gillespie Inc,Sotoberg,Taiwan,6226691603,5886886058x638,choideanhayscom,20201231,httpswwwcoffeycom
622,1BE3BBe52EccE45,Richard,Serrano,Beasley Group,North Raven,Kyrgyz Republic,1312959767,5072038755x90959,mario93roycom,20210924,httpwwwbernardgreenecom
623,D270EFAd9D76A76,Rick,Barrera,Wells Gallagher and Robles,Jermainetown,Samoa,1246308068,7544522601,cmercadoreedcom,20210622,httpstrongcom
624,9eE3e7AdfbD7Da4,Meagan,Hoover,Chapman Group,Piercemouth,Tanzania,0459780060x2686,6552432006,alvin00zavalacom,20210218,httpsoconnellcom
625,d6ECEA63A80bBFf,Larry,Huff,KnappHill,New Reneemouth,Samoa,0014606217336x21105,5942534267,kennethtownsenddominguezbiz,20220220,httpslowepottercom
626,014A372AC33c4F4,Kelli,Gonzales,Miles Ltd,Lake Dominique,Slovenia,1467234725x320,0017385686496x541,jgonzalesmaddoxcom,20200524,httpwwwellisoncom
627,41eAa5e67049D75,Crystal,Howard,StokesBoyle,Guerreroshire,Ecuador,2945915368x2730,0502080085x574,gwendolynterryblanchardcom,20210402,httpwwwtapiacom
628,FF8fd2c75FeadBE,Frank,Walter,BarnettFloyd,Yolandatown,Saint Pierre and Miquelon,0018356362317x30070,7470738970,leachninacantrellcom,20200326,httpsmorrisoncom
629,ACd6d2856c3e9c6,Rhonda,Donaldson,GrahamBlackwell,Autumnland,Christmas Island,6832062812x62499,0810921893x1174,ellisontannergraylewisorg,20210131,httpwwwsimpsonknappcom
630,4213a532367a4BA,Lisa,Duran,BrennanSpencer,East Sabrina,Senegal,5300698101x9936,7835731020,hammondcristianberrycom,20220211,httpwwwhorneariasbiz
631,5eB3Ce3ee5dAeDF,Isabel,Cisneros,Salas Kelly and Johns,Blakechester,GuineaBissau,11374923520,5606876519x0530,mccarthyangeltatelamnet,20210408,httpraycom
632,EeEdaba9dDb8B0c,Bianca,Jennings,Cooper Romero and Mcneil,Ethanburgh,Cambodia,1044305513,2790469603x12538,rodriguezralphherringbiz,20200919,httpswardcom
633,9fb8Ad13C8a1d31,Leon,Lang,Vazquez Compton and Kane,North Tyler,Czech Republic,0018873774049,5493255540x530,grahampaigecarpenterolsencom,20200110,httpsalvarezcom
634,166Cfb97832F81d,Luis,Zamora,Knox Ltd,Summerstown,Saint Barthelemy,18798215036x88727,7427374384x38828,mcleanmichaelarroyocom,20200925,httpswwwyuinfo
635,adfaD758ea6760B,Mitchell,Chang,Mclean Sheppard and Pearson,Mannport,Saint Pierre and Miquelon,4311172099,1079724996,colleenbarnetthobbssmithcom,20200806,httpswwwmosleycom
636,aA88C4FD77e8d4E,Edgar,Terry,MosleyMata,New Ann,Bulgaria,4336584621x897,6304081244x918,kphelpstrujillonet,20200223,httpsrollinsewingnet
637,3b480808b1Db3d8,Norman,Howard,Carpenter and Sons,Tammyberg,Sri Lanka,0014259869926,1264402999x3563,peggy04mackchambersbiz,20200705,httpwwwcisnerostaylorbiz
638,9a17fFf3FF40B63,Fred,Alvarez,Roberts Solis and Carpenter,Port Katherineside,Greece,0010843387865x4610,6012940453,ccollierbaxtercom,20220326,httpswwwwaltercom
639,D3a6bBFDEaff3c7,Lauren,Nunez,NicholsKey,Haysmouth,France,5031912516,5817602856x624,harrellkirstenknoxcom,20200720,httpsvelezcom
640,12e7C8A38a58Af5,Kristen,Terry,HoweMathis,South Rogerville,Niue,0929645423x51182,8444423593x1558,qhintonfergusoncom,20220131,httpswwwbergcom
641,eE3aabEcf63fb74,Olivia,Cross,RichardLutz,Rickburgh,Uganda,8344781447,1670651626,alec41stuartnet,20200218,httpszhangorg
642,d4B4312AE1B0B64,Leonard,Pennington,Elliott Combs and Mcpherson,Tammieborough,Guam,7805970581x28424,7174065669,victoriacooperaverymooneycom,20210213,httpspughcom
643,aA2Cbda7aF7CF6c,Nathan,Bryan,Kane Inc,Walshshire,Jordan,5003431102x896,6557432287,brucecarrilloevanspowellnet,20210617,httpwwwrichardcom
644,0913aD6BB949c79,Theresa,Gallegos,Spence Ltd,Dorisport,Togo,6523134558,2011997293x456,ybrandthahnmejiacom,20210410,httpestescom
645,429cEAc4e675cfc,Jamie,Hayes,Harvey Foley and Rush,Orrfurt,Latvia,1564751722,1775764800,max17estradainfo,20201217,httpdurhamsullivancom
646,f200f629aE89Cf9,Wayne,Herring,Brooks PLC,Johnburgh,United States Minor Outlying Islands,0014652640729x0552,5053274062x8939,maxwellallisongaylynnnet,20210415,httpsvegacom
647,f573f7Daf3f97E6,Allison,Franco,Willis PLC,South Cesarburgh,Japan,0010087876625x2345,0016932124475x2001,wileybillarchermckenziebiz,20201020,httpswwwcurtiscom
648,3b03eFcCB873a8F,Ronald,White,Ferguson Knapp and Mathews,West Normaton,Turkmenistan,6824075337,19652224078,mmcclurewigginscom,20201214,httpswwwdenniswestcom
649,c21Ce78AfddBcE3,Deborah,Taylor,Pope and Sons,Port Roberta,Macedonia,3272511481,13182503370x7987,catherine11fleminghullcom,20201102,httpwwwdodsoncom
650,13daEd070a6Db0e,Shari,Bender,LambValenzuela,North Guy,Falkland Islands Malvinas,0013156909856x3289,4446345137x2529,mannashleekaufmanosborncom,20200126,httpgallagherinfo
651,7a060190AD8B1F3,Brooke,Gibbs,Burnett Atkins and Norris,East Isabel,Mali,6421782908,5382885759x8165,stefanie48fowlercom,20210206,httpwwwhartmancom
652,7e1DEE74450dFDE,Ashley,Melton,OneillDickerson,West Stacy,Anguilla,19543912767x2713,11397660789x57414,dustinbrayedwardscom,20210620,httpswwwclarkorg
653,38e7CFf07892bD4,Teresa,Hart,Kane Fry and Landry,Perkinsbury,Aruba,8100855362,14294560288,williamschmidtwattswestcom,20211217,httpwwwweekshillinfo
654,EF82a88b39ca3a8,Bonnie,Erickson,Drake Inc,Lake Donbury,Rwanda,9057201280,0019792692456x5845,blakefitzpatrickprestoncom,20200131,httpmcguirecom
655,612FeF4eF2faD8A,Ruben,Trevino,McneilHancock,South Linda,Turkey,0010017556573x744,15104199986x2759,ksheppardmoodycom,20200225,httpchristianwelchbiz
656,Fe5dDa1b7B3c7EB,Fernando,Perez,Huang Preston and Stevens,West Melody,New Caledonia,9356624930,0012498329711x3498,lancearellanogentrycom,20210106,httpwarrenbiz
657,bb94A4cdAD16B0E,Katelyn,Cabrera,Brown Valentine and Velez,New Miguel,New Caledonia,0017484741725,8211245173,msantanalestercom,20200609,httpswwwdickersoncom
658,4E100fFA492E3fC,Sylvia,Lin,RivasAlexander,Lake Juanport,Nauru,7374634946x28020,4499291096x654,stevensmaureenwattstapiabiz,20210509,httpwwwmcgeehoodnet
659,f3D6d3A26eBFFAb,Margaret,Snyder,SharpOconnor,Cliffordburgh,Brazil,8524050322,7889919334,mirandaburnettbradfordrosscom,20211027,httpwwwwarecom
660,1C6C7B3e2617b55,Trevor,Schwartz,McdowellChang,Bradfordmouth,Isle of Man,1431257299,8757480053x934,graceherringprattorg,20210218,httpswwwcrosbynet
661,95F882c8ebf0cc3,Bethany,Colon,Greene Mcconnell and Frye,Flemington,Djibouti,7672452943,2378972647x4209,mallory42portercoxcom,20201103,httpcortezcom
662,0DBfcB30c0D3EdC,Dustin,Vaughan,Ramos Bishop and Montgomery,Port Ebonyhaven,Eritrea,0015812657460x9128,9132579611,rebecca69nolanhinescom,20210303,httpwwwhocom
663,DbeFFa6cBE0f44a,Jim,Oconnell,Rodriguez and Sons,Roseport,New Caledonia,9176458692x92417,3822477503x1423,charlespriscillaadkinsbiz,20210116,httpsparsonsorg
664,DEA5834A1ba5E7D,Kerry,Roberts,Leon Morgan and Huff,Lake Rachael,Solomon Islands,8092880431,8666620793x1924,brettcrawfordgriffincom,20210117,httpwwwgatestorrescom
665,4b19DFf62a7Be0d,Allen,Mcgrath,Parker PLC,Dawsonshire,Saint Kitts and Nevis,7801418750x802,3802343722,lisa85riveraschroedercom,20200518,httpswaltoncom
666,B6FCA2Bf61a19CF,Darlene,Ware,StaffordGreen,East Glenn,Grenada,7736096534x03500,5130087582x34158,xrosalesodonnellinfo,20210912,httpsteincom
667,0b142ce72bf8AF8,Jane,Roman,Franco Inc,North Grace,Estonia,19389819582x3808,10753873161x2737,hollowaymarciaboonecom,20201018,httpswwwcummingscom
668,A1Dd925888dCbEd,Sheena,Burns,Wade Mills and Walters,South Tashatown,India,7247999739,8530881951x638,garrettwheelerbullockcervantesinfo,20210128,httpsgarzacom
669,37778daaFD41EC4,Patricia,Cole,Phelps Hobbs and Pratt,North Elaine,Comoros,5533419264,4402112195x690,tiffany09huntbiz,20201222,httpscardenashuffcom
670,81FA5D97d96Fc6c,Shannon,White,MitchellCastaneda,Huffville,Korea,1632607090,7801418429x908,romanjoyceryanmaciasinfo,20200206,httpswwwnortoncom
671,B64Cde5cCE8f8D3,Mandy,Farley,LozanoWilkins,Powersstad,South Africa,3978559737,0011595283702x0045,duncanmadisonschmittcom,20220208,httpwwwwheelernet
672,f0cd5Ad2B149F82,Walter,Barber,Howell Burgess and Vega,North Suzanneberg,Nigeria,7789391428x252,9103144437x76799,jimmy88cruzmcmillannet,20210503,httpswwwjimenezinfo
673,8bd2A3b426e5851,Summer,Fox,Bates Medina and Hudson,Kimberlyberg,Somalia,12620206183x48272,16199231329x30397,peckbenjaminmedinacom,20210120,httplincom
674,573F08aC80974Ce,Jeffery,Stuart,TateGordon,Coxburgh,France,3053754582,15626699755x55187,karl79shannoncom,20200912,httpswwwtownsendbaileycom
675,71628DEb7dEBEF3,Carla,Saunders,AllenBrandt,North Darlenemouth,Zimbabwe,6511814126x613,4704461736x724,bmorenofishernet,20211004,httpsspencercom
676,f232E2E9af95a1d,Dustin,Herman,Bean Morse and Reed,Georgemouth,Venezuela,0623856926x539,2742753797,gkaneyoungcom,20201110,httpgriffincom
677,765daaEEECC07F4,Melody,Mckay,Paul Ltd,Claireberg,Czech Republic,1590100744x631,1733064973x76091,bookerdennisgarrettwinterscom,20220429,httpsstaffordinfo
678,08a3cA5AcB14199,James,Ward,Marsh and Sons,Michaelashire,Anguilla,6742325443x309,7184754045x08506,sara28singletonnet,20210225,httpwwwalinet
679,7fEdb9Ec7af2d70,Jasmine,Berry,GarciaChaney,Port Rick,Djibouti,9720583388,8983710214,garzabiancareedcom,20210722,httpswwwkennedycom
680,F4a4EC017A08De6,Vanessa,Webb,Flowers Henry and Craig,Hatfieldbury,Sweden,13661096765,1807216223x408,arielbryantkaufmanfrazierbiz,20201113,httpwwwmasoncom
681,7dafD51fecbF1f8,Jermaine,Diaz,HicksChandler,South Seth,Montserrat,0016863914184x965,2079037085x44990,shelby88merrittcom,20200906,httpsmathissoliscom
682,eDFfcd9AB07A33F,Mary,Holder,Lynch Group,Lake Jessicachester,Slovakia Slovak Republic,3517787812x29993,0017330913045,alexandraforbesconradinfo,20201118,httpwwwhebertcom
683,18E97f29B7B2df2,Johnathan,Mclaughlin,Brewer Mckinney and Taylor,South Theresafort,Senegal,9348104293x4609,19701416176,stefanie30hurleywallcom,20211221,httpswwwvargashammondcom
684,Ef37Ecb15BaC5D9,Tracey,Massey,Pitts Klein and Gregory,North Theodore,Iran,11884654682,11018906014x431,meghan46jamesvillanuevacom,20211016,httpsproctorcom
685,bD5A6B2EBdeEF95,Tristan,Brooks,Pope and Sons,Ryanshire,Antarctica the territory South of 60 deg S,6402418960x05257,17867078219x217,maynardkatrinastonecom,20211211,httpwwwguerreroblakecom
686,db0d18D1374dBaC,Sara,Gilmore,Guerrero Inc,Lake Fred,Kuwait,2309720993x995,15217861882,wongwarrenrileycom,20220415,httpestradacom
687,7af6141EBcBCEda,Norma,Page,CarrollMay,Kruegerside,Cambodia,1435542456x8134,11129096233x8550,sabrinapetersonwebbnet,20220110,httpwwwhubbardbennettbiz
688,4dDFBaA4e4bC29f,Levi,Todd,Roberts and Sons,Lake Justin,Cook Islands,10467399713x6359,6965652866x65598,cuevasjadegilbertcom,20210223,httpsbradshawsinghnet
689,ecd4a2f35fADc55,Anthony,Curtis,Orozco LLC,Tylermouth,Grenada,0011782307640x879,5910853363,colleen70johnstoncom,20210831,httpswwwcuevasroblescom
690,36Bc0b09Fe542dC,Kristine,Hawkins,SchwartzFernandez,Juanstad,Gambia,9325649072,0174675013,natashawarnerariascom,20210213,httpswwwhickmannet
691,CeC40FA70a7CE35,Ann,Levy,Spence Inc,New Dillonshire,Armenia,1073318104x247,12243136545x7178,svancemendozacom,20210628,httpwwwfrazierroynet
692,AfBbac14dd9E5BD,Laurie,Mccoy,Mullins Cohen and Atkins,Princechester,Uzbekistan,0839971630x678,2816859819,hughestyronemedinamorroworg,20200228,httpslesterbiz
693,74f512837b7F179,Stephanie,Rivera,Arroyo Wagner and Christian,Cervantesmouth,Costa Rica,2910327478x3921,11606025902x697,leonpedromossorg,20201208,httpswwwhornelarsonorg
694,5EbAB6F9a519dD5,Ebony,Yang,Boyd Ltd,East Edwin,Turks and Caicos Islands,4134134353,14645985014x1689,lbrayferrellcom,20200316,httpwwwbennettcom
695,E51a2f6ab11a5cf,Norman,Morton,Vaughn Beasley and Holland,West Vanessahaven,Cape Verde,2021357697,8921001608,jermaine75fowlerhancockcom,20211231,httpswwwhudsoncom
696,2d6fccacB89Fc9a,Joann,Holder,Cochran Grant and Blake,Margaretfurt,Tuvalu,16418241725x67554,3269388223x0397,strongterrancewolfecom,20200125,httpwwwhuffmanfrederickcom
697,42113293F4aEaAb,Catherine,Davis,Orr Group,Erikatown,Cape Verde,0016200714382x98993,4388129426x6470,clinedennismaddencoxcom,20200412,httpswwwdixonwyattinfo
698,D0db4FaD1ce14Ef,Grant,Mercado,RichPugh,West Jessicastad,Papua New Guinea,0840723076,8965775153x6122,pgarciafloydcom,20201218,httpwwwbryanreyescom
699,C4d0ca467fCf58E,Jessica,Aguirre,Barron Stark and Hill,Kristinefurt,Guam,11016518437x6195,7659387648x8310,garrettmaciasboothnet,20210921,httpcuevasnet
700,Fc9d9497A53568a,Trevor,Bowers,RichmondCardenas,Juliafort,Bangladesh,0016343103561x7767,2221212028x8002,joycedarryldilloninfo,20200925,httphayesinfo
701,Aae9f03Bc2FC6F9,Autumn,Norris,PetersonBoyd,New Alvin,Madagascar,13892758637x6575,7914829704,mckenzie25langdonaldsonbiz,20200630,httpsescobarcom
702,D5cA65aE99CF760,Nancy,Price,BurchBarr,Darrenmouth,San Marino,2449519482,9374077549x80873,mikaylagreencolemancowannet,20210530,httpsharveynet
703,Ac021bD312b4Da8,Kevin,Lozano,Fletcher Frazier and Baxter,Lake Francisfurt,Netherlands Antilles,0126678351x50404,2539291015,jeffrey39bautistacom,20200822,httpswwwmullinssummersnet
704,002c9A213Db0067,Dale,Hendricks,LevineLarsen,Carrfurt,Turkmenistan,9754313171,2188849029,robertamayswatersjosephcom,20200709,httpsmorsecom
705,d5698dD6DD5624A,Alexis,Carroll,Foley Inc,New Kristi,Qatar,5128363507x74778,0017990556318x610,patricia79fritznet,20210801,httpswwwsalascom
706,AEECeE395D4F1B7,Javier,Bowers,Flores Rodgers and Flores,New Samantha,Ethiopia,0754575517x67530,3205300652x79415,harmonclairereillycom,20200311,httpwwwsotocom
707,8b6d8b16D0C3b24,Zoe,Guerra,HoganButler,North Bethanyhaven,Qatar,3454924217,1256146475,cnewmanpricemorrowcom,20210504,httpsberrycom
708,0Fdd59e7856db8f,Tim,Henson,Keith Stephens and Wyatt,Maddenmouth,Armenia,3789391964,3439405586x67677,matthew00sheppardcom,20201105,httpwwwvazquezcom
709,7Cf4a2b0bdD4522,Tim,Larson,Hurley Bentley and Acosta,Lake Lindaton,Papua New Guinea,6897062281,9991358187x40628,toni70santiagocom,20211005,httppricerobersonbiz
710,52725aC4cFE8EE5,Brian,Banks,SolomonCortez,Lyonsberg,Cambodia,9566089324,13669512449x17809,fordhollymasonbiz,20211018,httpswwwswansonolivercom
711,BE9daBEf6dCfD7C,Destiny,Cooke,MuellerKent,North Shaun,Saint Pierre and Miquelon,10863661883x533,4830799226x227,wandaruizhurleycom,20211109,httpwwwkramercom
712,84F1B290A0Fb1fc,Austin,Bright,Aguilar PLC,Rebekahshire,Dominican Republic,0015260534198x29394,13950092243,ryanaprilfrancisrowecom,20220505,httpsbrennancom
713,1C1Dacf3d47eb8e,Briana,Davis,StoneFloyd,Castanedamouth,Kiribati,0019550116356x92144,9237210562x861,jermaineflemingvazquezhughesinfo,20200821,httpharrellcom
714,a20F19CfE2aD0ca,Darius,Lara,CastilloLang,East Yolanda,Northern Mariana Islands,12930977390x7846,4007402899,ualexanderbraunorg,20200504,httpmoonnet
715,7Af8fF9aF8A47C5,Toni,Rhodes,Meyer Lamb and Flynn,Deniseburgh,Tonga,0017409519735x19690,17690834614x9886,ayalapamelareillybiz,20210903,httpwwwsmallkhancom
716,CFC6056BC2C3B0c,Warren,Willis,SmallWade,South Gracebury,Mongolia,6909882386,0011742469528,qnunezvincentgregoryinfo,20220419,httpibarraoneillbiz
717,Ae8C347aE0b3c5E,Colleen,Cordova,GloverPearson,West Marilynchester,Slovakia Slovak Republic,2410164601x58665,2105308061,hardywesleybarberbiz,20211206,httprosecom
718,0EfcA43fbCdCDCC,Marie,Norman,Bush Knapp and Gaines,Alexaside,Tunisia,0013537437661x22563,4058250415,ogoodmansmallcom,20211108,httpshorncom
719,ffE8F5d071d1D48,Jasmine,Morrison,Morrison Graves and Odom,Skinnerland,Guadeloupe,0851778857x9901,1427085430x50394,mhayesmossmartinezcom,20200409,httpsjamescom
720,46fb14B9A0DEeeD,Catherine,Perkins,Meyers and Sons,West Gabriela,Honduras,2799043535,2118109397x19071,ebony76odomorg,20210511,httpjordancom
721,0274db23E8f20bd,Nancy,Williams,GordonHayes,Masseytown,Burkina Faso,10903105683x912,9513592561x694,mcmillankarlajarviscom,20210427,httpmorrowcom
722,B56fCA985Bd5fC5,Noah,Hebert,GomezLester,Ortizside,Tanzania,9114830093,2233408965,abarretthodgesanthonyorg,20200708,httpwwwpowersorg
723,2Cde1Ce64CeD4aF,Latoya,Gillespie,PetersCruz,West Coreyview,Haiti,6439776128x19318,6831402987x54625,aprilbranchknightcom,20220323,httpscantrellcom
724,cB72F31ebEE5f76,Chelsea,Oneal,Haney Curry and Griffith,Mcdanielhaven,Antarctica the territory South of 60 deg S,7067267143,9625858692x187,prestonbarnettbellhaynescom,20200820,httpswwwturnercom
725,cAEbCE6A6b23c32,Katie,King,SchaeferBullock,East Rodneyland,Malta,0018214186267x16142,1104200346x7412,potterdamonmccallcom,20210820,httpchristiancom
726,23d0d1CB661AE47,Colin,Doyle,Carroll Walsh and Benjamin,Lesliefurt,Liechtenstein,9504108691,7310527447x81754,allenbradyrobbinsbiz,20200420,httpwwwjimenezbiz
727,6F3dE3F6dE0F8f0,Sonya,Schroeder,Curry Inc,Petersburgh,Nicaragua,16203372594x249,7636574942,kayla90andersenhubercom,20210807,httpbowmancom
728,e3eDEACd48Eb36A,Kayla,Guzman,Ali Fleming and Madden,Kiddfort,Central African Republic,9224105102,2515905216,patrickstevefleminginfo,20220428,httpslozanocom
729,0C18158818033b1,Christie,Jenkins,Lloyd Group,East Angieside,Dominica,6810644489,1720270060,breeseoneillcom,20210722,httpsaguirrebiz
730,6f4b0e8ef9ee1fF,Joanne,Ferguson,Reed Navarro and Barber,Baileyside,Hungary,4092584406x903,16958595043x1155,haley88contrerasfarmercom,20200704,httpmaddennet
731,Fe7e4bb1CB8EEF9,Yolanda,Robinson,Carey Ltd,West Tyronestad,Wallis and Futuna,16359187688x045,3181853129x997,daniel92lynchcom,20211220,httpsmcbrideorg
732,d291Dd7bAC89dC1,Katie,Craig,GarrisonGordon,North Jamiemouth,Oman,9710441114x03531,5023126491,ronaldwheelerfigueroahendrixnet,20200407,httpswwwtylerhardingcom
733,52C9b5E837d2EfE,Dakota,Chavez,Byrd Hart and Pham,Brewerbury,Azerbaijan,6162683843,1958236564x053,chanpattymclaughlincom,20210530,httpmanncom
734,20D4eB7Cf91Ff0B,Johnny,Randolph,Rivas Maxwell and Farley,East Daniellestad,United States of America,0013055231330x558,2342603629x691,martindoylevillegasnet,20210525,httpwwwtapiacom
735,BAFdDdf03E7560e,Collin,Alvarez,Ho LLC,Port Lawrence,Jordan,0012724229616x2196,3644123299,ritablakeshepardbiz,20220207,httprichmondcom
736,f0daf364d8fC752,Cassidy,Melton,Guerra Boyd and Palmer,Lorettaland,Guinea,9618647074x44148,0319637312,qmooneybankshubernet,20200314,httpswwwrichcom
737,A7d0eb4f6Bb890f,Adam,Singh,Johns Group,Lake Mckenzieville,Bolivia,2012175414x76650,6856455159,chandlerluisforbesdicksonorg,20211011,httpswwwhodgeorg
738,Ae9Cd0e71d62d03,Hayden,Pugh,WoodwardGuerra,New Marc,Israel,7251490412x68802,12836243792,aprillewisphamtannercom,20211025,httpswwwrosalesorg
739,B8Fdde1a5d41fF3,Kellie,Salas,Cross Kennedy and Bray,East Jeanne,Turkey,5705813957,6235973418x92716,peter54bentleymorrisoncom,20201116,httpwwwfletchernet
740,a807843FaFA5C15,Caleb,Watkins,Nelson LLC,Levihaven,Luxembourg,1358924638,0757525344,isaiah61vazquezcom,20210731,httpswwwfowlercom
741,D39B2f3649fA9dF,Troy,Fritz,Mercado PLC,South Taylor,Cuba,1192634993x0315,5924784399,rmartinezhuberlarseninfo,20211013,httpriggsestesnet
742,09193dD798CFB29,Phillip,Duffy,Booker Ritter and Daugherty,Lake Emily,Saint Lucia,7397048829,6112871073x1735,christian65mayocom,20201231,httpwwwconnernet
743,3bD1F8c48B36CDa,Claire,Robinson,Lynch Inc,West Kevin,Tonga,7123366117,5815711978x690,sbeckgraycom,20210416,httpwwwpacegarrettbiz
744,2420Ef1d4C72c29,Jackson,Estrada,Webster Weeks and Vasquez,Chadborough,Argentina,6607791538x821,8265861245,larry07longbanksbiz,20211012,httpsduartecom
745,F6F275AfDfb5eF6,Tiffany,Peterson,Chambers Montoya and Gray,New Christianburgh,Colombia,18583196403x781,13590445594x41564,alisonaligibsonpaulcom,20200709,httpwwwbeasleyfloydcom
746,FE61cAD2efceeAa,Jessica,Carlson,Black Group,Salazartown,Grenada,3340955302,10731441030x96300,floydandrewchangorg,20201113,httpsmcculloughbrowncom
747,eBE184BCd649Bcf,Alvin,Roy,Thornton Group,Brittneyton,Israel,0014764152700x35855,0012330447833x1666,gerald08farrellroycom,20210105,httpswwwhurstcom
748,ACf20DbBECE71D1,Harold,Paul,Griffin Stanton and Clements,Staffordhaven,Christmas Island,4902687559x40231,0019259677301x96451,juarezphylliscunninghamhodgeorg,20220124,httpswwwvargasorg
749,72D47bcC2bbAA9d,Rodney,Underwood,GriffinLam,Yvonnemouth,Iceland,17801403427x06362,4582770493,tracihaydenclarkelittlebiz,20200721,httpsolseninfo
750,4AD57F8c4B26e0d,Adrian,Herman,TerrellSchultz,North Beverly,Iraq,4030649377x718,0014790799884x61422,gutierrezbobpaulmccoycom,20210129,httpswwwbrucefieldsnet
751,2BfbC3b46ACf9f5,Clifford,Phillips,Ramsey LLC,Lake Blake,Martinique,16779246108x520,17204882196x1908,andersongraceodomorg,20210301,httpfriedmancom
752,66C4aAA315fEFa2,Regina,Mccoy,Ponce Malone and Waller,Burchchester,French Polynesia,9865198640,9589017973,rushsharidaysinghcom,20211013,httpmorancom
753,9FF418832B9D63E,Kaylee,Bowers,Horn LLC,Johnsonland,Pakistan,9221575301x43064,16987530518x57225,billymirandaknightbiz,20220215,httpsleecom
754,a9E42BCDBa2Cd83,Reginald,Frederick,Burke Hopkins and Bradley,Douglasstad,France,16508426537x733,2372743621x6585,robert91maldonadoknoxnet,20200120,httpswwwpruittandersonbiz
755,079DE71dEE3AFFb,Shelby,Reese,WaltonGreene,New Margaret,Tunisia,19042057975,17174888899x8301,charlene99dixoncom,20210409,httpswwwkruegerhannacom
756,CC499DaFEDdD3b8,Connor,Gentry,Maldonado Lowe and Espinoza,West Cristian,Trinidad and Tobago,13404588448x9429,8542101254,igrahamflowerssteinbiz,20210211,httpwwwmorahannacom
757,abC0f3FEb576DFA,Kevin,Fleming,FryeHaney,New Shannonstad,Trinidad and Tobago,1570745677x8272,4938537367x23184,justin34ruizwoodinfo,20220226,httpwwwhamptonchapmancom
758,2b6221ca8A40B98,Connie,Mercado,Weeks Perez and Andersen,New Vincentstad,China,0079012759,14301584106x96434,gallagherfrankfitzgeraldcom,20220213,httpwwwpettybiz
759,7c5a7CeFA99bd34,Kaylee,Barber,OdomNolan,Solistown,Chile,5908014830,2402828923x718,nicholasmaldonadowestcom,20210421,httpspittsbiz
760,90F1B3e4df1a842,Betty,Duncan,Raymond Frazier and Burton,Jacobsonchester,Denmark,12317977294,0707317958,joel57singletonorg,20200607,httpsfordcom
761,e92cB5ed6CAADf7,Dwayne,Sweeney,RothGriffith,North Kenneth,Bolivia,1285207063,7147360440x6391,rbryantburnettcom,20210608,httpswwwlininfo
762,5FDFdB02Df1a7Ca,Kenneth,Anthony,Hale Payne and Saunders,Fletcherborough,Tanzania,0018275600044,0017763833933x38303,piercefranklinlivingstonbassbiz,20200310,httpsswansonbiz
763,4aA88FE64a6c1f6,Peggy,Montoya,Oconnell PLC,Port Brandyside,Poland,9941127439,4476337807,goldengilbertgoodmanorg,20210406,httpspetersencom
764,77DCBC5D6aba4CB,Jonathan,Briggs,AtkinsAtkinson,Lake Aprilchester,Japan,8242185384x131,17364767123x6710,dicksonshannonlevinenet,20200329,httpswwwewingcom
765,F02fBDABc21Cdc3,Sean,Gray,LarsenPayne,Berrymouth,China,4326427473,2493397146,drewmcgrathbowencom,20220521,httpwwwschroederorg
766,e4BD1EDbA0ecBEC,Rebekah,Villegas,Casey Inc,Langberg,Venezuela,13584334717x053,8101220110,erik89woodardbiz,20210426,httpwwwaverycom
767,FA5eC394A3EbD31,Lisa,Small,LaneDaniel,New Xavier,Micronesia,8393709200,16740523871x16059,chungsharonzavalabondinfo,20210808,httpsfrancowrightinfo
768,6C99B9dACFaA5D3,Paige,Pineda,Cole Huynh and Vang,Port Judith,Palau,16863525419x4518,17129426453x7743,hughescesarpachecocom,20220410,httpspearsonwyattcom
769,2dF8514Ea0Cfc1D,Howard,Glass,Carter Wiggins and Paul,New Kelliechester,Brazil,4664765092x2423,1993112991x9515,ykeithlloydbiz,20210226,httpwwwfoxorg
770,dc1A7c225E1Da1C,Jose,Bond,Tucker Group,Lake Lydiatown,Mongolia,6202135251x61915,0016509938077x7672,roberta05batescom,20210323,httphurstbiz
771,A73AFAd83b81E73,Janet,Bass,Hudson LLC,Port Lindsey,Christmas Island,9612797725x8495,5769592734,yorkjermainenoblehayesnet,20200418,httpswwwhuffmancom
772,cDBe5cFdbB3Ae4F,Jasmin,Waters,ChandlerHolt,South Marisachester,Hungary,1000423614x67556,6319120275,pclarkortegacom,20220526,httpscostaowenscom
773,EFAbeA7ac6B6BB3,Jennifer,Mcintosh,Glover Keith and Lozano,Simonside,Aruba,6585659042x785,14140383887x61892,bianca43nixoncom,20220318,httpswwwfarleypowerscom
774,6af3BfF9eb61f80,Gina,Benson,Lawson Group,Colechester,South Africa,2600346056,5406751063,geoffreywagnerwillismaciascom,20200717,httpwwwvargascom
775,E72F96eAffCfebA,Vanessa,Gardner,SilvaBauer,Meghanstad,Italy,3673465645x20766,6125487071x8269,haley36maynardrichardbiz,20211222,httpsmclaughlincom
776,cdbf992db6BE7Ec,Brenda,Clark,ColemanBishop,Noblemouth,Thailand,1729848633x59652,0017731964787x222,taylor22chaveznet,20220129,httpwwwmayomosleynet
777,A29Fd2CbDfEBdF0,Chelsea,Randolph,Nixon Ltd,New Candice,Kyrgyz Republic,9537653316,17201551620x621,corey96connercom,20210522,httpswwwnelsonnet
778,af2D2C5b68fFb83,Tabitha,Logan,HodgesCummings,New Lance,Myanmar,8583898354x92996,8041536009x816,melvinwilkersonserranoochoacom,20200615,httpwwwallenorg
779,90ddbC31FeE6Cd2,Anne,Cabrera,Gay Inc,Toddtown,Australia,4500309497x5825,10753956455x38954,sabrina88buchananrichardsnet,20201016,httpwwwkramercom
780,B480754c5Be9fD2,Logan,Lamb,ChavezHaas,North Erin,Korea,2964866498x3584,7653405771,wsuttonvegacom,20200329,httpcasecom
781,d24a6DdAD1FD742,Reginald,Mann,PittsWeeks,East Brandon,Netherlands,3117581838x851,5899090120x4844,gabriela19riveranet,20200512,httpweeksorg
782,1B3ce68C7522dab,Bob,Rosario,Spencer Ltd,Fowlerfort,Turkey,17275289832x0341,5391530128x56869,elijah10zimmermancom,20200704,httpwwwbushcom
783,53d3cC4E7e029bB,Andrew,Weiss,Stewart Inc,New Pam,Nicaragua,0017391210612x185,0739338312,monica69cohenorg,20210216,httpdaltonlucerocom
784,90f5af7C2cBDe94,Rita,Livingston,Valentine Inc,North Whitneyborough,Guyana,8484404216x2032,2216458617x996,eariasrangelinfo,20201111,httpbrowningwigginsbiz
785,a5B335e09dFcA76,Briana,Peck,Salas LLC,Port Curtis,Chile,0019214608818x909,6655040357,miguelwilkinsonshafferbeasleycom,20201228,httpcurrycom
786,eB21Bf50Cee268E,Brady,Mcdaniel,KnappRodgers,Debraberg,Costa Rica,13528808085x79835,5191852441,echapmansmallbiz,20220517,httpwwwespinozacom
787,4289fe97718be15,Clifford,Rivers,BlackLam,West Michelle,Niue,8118951562x16746,5456129261x237,khooveratkinscom,20201014,httpshocom
788,4Bb1D5D38Fd23FD,Kathryn,Burgess,Aguirre and Sons,South Andre,Uruguay,0044645105,1646446302,hayden76estradamichaelinfo,20210707,httpsfitzpatrickmasoncom
789,11ffb40267Db802,Rodney,Esparza,Mckay Group,East Ricky,Holy See Vatican City State,6409247378,8523527063x567,bkirbyarellanocom,20210612,httpswwwgrimesnet
790,BCcebE096E2329B,Gabrielle,Vincent,Newton LLC,North Perryshire,El Salvador,3300608763x13256,0018693610723,isaacbyrdchangmcdonaldcom,20201026,httplozanomacdonaldinfo
791,bc41735a1b5cBBB,Yolanda,Schroeder,Johnston Ltd,Malikchester,Mauritius,9975667029,6661277739,andresgrimesgravesorg,20211207,httpswwwfritzbiz
792,31FAbECce962766,Jonathon,West,RiceNichols,North Staceyport,Heard Island and McDonald Islands,8052149010,9009276325x469,maureen96heathinfo,20200815,httpdavidsonreyescom
793,B8B1EdbbbF08c2c,Lee,Harvey,Obrien Ltd,Port Leon,Ireland,0015048237259x294,3455107385x8585,tracie58marshcom,20210528,httpshowardnet
794,aD0CaDFf8b23B92,Yvette,Mccoy,Reeves Harding and Bowman,East Monica,Morocco,1888274804,1212007243x299,aatkinsonsuarezbiz,20210314,httpswwwwolfecom
795,77eb3D79aE7FFB3,Kayla,Fleming,Gregory Group,Clarketown,Saint Barthelemy,5717904196,3922649867,emma49dunlapbiz,20210112,httpswwwjoycebiz
796,1f1c661cF5Fa2cA,Vernon,Flowers,Lawrence Villegas and Sweeney,New Terryton,Greece,0014118251728,4282587069x7141,xkellercolecom,20210903,httpcollierorg
797,12b349ebc8c41Fa,Bobby,Dodson,Fuller PLC,Mariamouth,Guyana,11036942177x07046,3222477280x353,eugenemarshenglishcom,20220330,httpwwwmeyerscom
798,8FdAcADb8bD362C,Lindsey,Blevins,FischerGarrison,East Nathanielview,Reunion,0889767646,8970215720x73305,lacey67weeksnet,20210811,httpwwwhodgesrojasbiz
799,bbb16Bf455CeC9f,Jared,Howe,Pacheco Dennis and Velazquez,New Diane,Austria,2810730559x1032,1458811299x01375,larryhoffmanjarvisinfo,20220111,httpwwwgreenhuffmancom
800,B4BEf2a9E3ff02B,Mike,Mckay,AguilarCarney,Lake Lydiafurt,Samoa,7684716955,4271413099,sschroederproctorcom,20220216,httpscantrellconnerinfo
801,fEa0051a1EA238A,Leon,Summers,Owen Group,Holmeschester,Guernsey,4636466346x373,14011735362x5105,shelia48salazarpettycom,20200826,httpsarnoldcom
802,c1803aA7dBF4fA6,Darren,Gibbs,BaldwinBest,Glennchester,Saint Barthelemy,0013748435948x172,11847134109x093,maddoxdevinburchcom,20210629,httpwwwwardinfo
803,aC2BdC8A1093b60,Chase,Lucas,Mills Esparza and Carpenter,Johnmouth,Saint Helena,0019355480761x3295,0019395475149x1080,cannontylertownsendcom,20200215,httpshobbshendrickscom
804,E9DDfBc16fA07b8,Kent,Cobb,Wolfe Inc,Schwartzchester,Belize,9299485632,3982492032x8669,tracicabreraparkcom,20210617,httpwwwknightfergusonbiz
805,223fD1E2b32101D,Miranda,Lawson,Baldwin PLC,West Claudiahaven,Montenegro,18031709992,0012601710939x2022,audreymarkshowellcom,20220131,httpsnormangoodmancom
806,62aEeB2EA3CD9E9,Kathy,Nguyen,Vaughan LLC,Kelleyborough,Cape Verde,3605999289x53367,1559617744,breanna07maddoxcom,20210529,httpwwwsandovalcom
807,fE82a9493bcA35B,Jeremiah,Rubio,Chambers Group,Caseyborough,Russian Federation,1899036785x140,0019271133231x2893,wblakeolivercom,20200425,httpwwwflowerscom
808,7A671fbBAb661E6,Gilbert,Barry,ParkerNguyen,Gilmoreport,Central African Republic,6687083988x52213,9163545394x233,sheenaboylestephensnet,20210822,httphintoncom
809,684befCF02AeFf7,Tony,Shannon,Gutierrez PLC,Acevedomouth,Solomon Islands,6535841417,0010752688459x907,bailey25parksnet,20210623,httpswwwgallegosorg
810,7CEc10576a8127e,Dana,Salas,Barton Ltd,Lake Tabitha,Liberia,5590298611,4116216194,prattdouglastoddwolfinfo,20210227,httpswwwglassbiz
811,F2A5E6Baad44E89,Benjamin,Galvan,EwingEverett,Masseymouth,Antarctica the territory South of 60 deg S,6450728460x93481,7245403829,masoncarsonmeadowsdeleoncom,20211013,httpwwwmaycom
812,34aC4746EfbD7cb,Teresa,Vargas,ShermanMiranda,Velasquezstad,Finland,7423691842x534,11800543727,tim18daughertyraymondcom,20211002,httpwwwsheacom
813,EDA3D13E1858dF5,Tricia,Leon,LutzSpears,Lake Tannerside,Antigua and Barbuda,0728370392,0014691993574x8353,brendantoddcurtisgrosscom,20211104,httpsawyerellisonorg
814,dc0aC8C1d81AAaA,Carmen,Daugherty,Russo Ltd,Batesport,Saint Helena,16358188774x874,13131199935x5801,riosravencasecom,20200321,httpwwwsullivanflemingcom
815,9a30Bfd62Ab7BC2,Tiffany,Rowe,MaynardMcbride,Smithview,Belgium,0018518076472x362,2278131578,alice75burkepecknet,20220420,httpwwwmcbridecom
816,Dc8DF1FB64E24C8,Wesley,Snow,Higgins LLC,East Melinda,Turkey,15370951160x857,5128199953x4306,farleygenewhitebiz,20210307,httpswwwblanchardcom
817,C4d519Dfb0DA5c7,Raven,Mejia,FisherLopez,Duncanside,Antarctica the territory South of 60 deg S,1383994430x4215,4255183828x2884,princeadriennepatrickbrewercom,20200924,httpwwwmichaelcom
818,Db4B1F86Ee2fD65,Elijah,Richardson,FowlerOwen,Willietown,Cambodia,15895417064,13703416699,moonbeverlyleblanccom,20201019,httpswwwballbradleycom
819,271dffEbDb9f816,Colton,Sandoval,VillarrealLang,Zavalaview,Gabon,16929857073x2420,15024343597x2946,mosleyheidiwaltercom,20210218,httpwwwperkinscom
820,FA6a1B1Fc04B8EE,Krista,Mcclure,Simon and Sons,North Marissatown,Iceland,5571388845,2420860590,wyattwinterscoleorg,20210530,httpszavalacom
821,FE4C2A12696Da3F,Johnny,Rubio,Porter Johnston and Mullins,New Melodymouth,Thailand,14275301546x613,1103590489x448,skaufmanclinecom,20210106,httpswwwyucom
822,3dDfaA2327886E9,Amy,Ballard,Rice Group,Briannaland,Canada,5496362012,2926501893x648,brockoscarcoleorg,20210301,httplanecom
823,BD1deD31a3aA0DE,Rachel,Watts,HollowayNolan,Aaronville,Gibraltar,0018843283072,17805064115,kelliroysawyerbarkercom,20210512,httpswwwjordanwolfinfo
824,0c51e11999e0AFd,Judy,Mullins,Quinn Inc,Lake Shelby,American Samoa,6071749629,1744932573x652,hdonaldsonharmoncom,20210827,httpswwwmcneilcom
825,D587E5CF497946C,Priscilla,Huff,Saunders and Sons,New Brettmouth,Malta,3316410899x39193,14835536204x045,gregoryrobynsummerscom,20210913,httpmunozbiz
826,afC5fBDC4FFFE8f,Zoe,Solomon,MeyersOdonnell,Bettyland,Wallis and Futuna,7117007316,3749429026,angelicaariasharmoncabrerainfo,20210916,httpswwwbenderchurchorg
827,5fE0D8439cF1ADa,Gabriella,Ho,Sawyer PLC,Danielview,Chad,13206740292,2763771895,ericperrysimoncom,20220419,httpknightinfo
828,06e8FD29ea896Aa,Jeff,Jensen,Haynes Group,Josephfort,Indonesia,4846115390,4565223041,alice96paynecom,20210524,httpsmckaycom
829,A7bdD273350e6C9,Natalie,Ball,Garrett PLC,Port Laurie,Burundi,9948378130,18451913896x8533,scottdrewvazquezcom,20220411,httpboydrioscom
830,adAA90eC2d4D59A,Matthew,Fields,SullivanArcher,North Sabrina,Anguilla,7555969258,0017247515967x4527,eriksnydergilesbowerscom,20200411,httpswwwkennedycom
831,4A231C5DceB9739,Jack,Mendoza,Cardenas Bass and Callahan,Quinnfurt,Puerto Rico,11869542345x50800,0012658994876x1796,kmcculloughbryantcom,20220528,httpscolonnet
832,1aeE81d4dD1C47d,Sheryl,Lyons,HensonTrevino,South Roberta,Algeria,4607479481,1847552962,mcfarlandrobincallahanwilkinscom,20220407,httpschmittcom
833,10F81cEE6065efd,Nina,Contreras,Mcknight Horne and Thornton,New Savannah,Yemen,14858008615x614,9227887356x92678,willisemilykiddcom,20200506,httpmcclaincom
834,8d2Fea5a6AdC2bA,Samuel,Walker,Gallegos Paul and Williamson,Ginaport,Gabon,9643924331x122,2991269586x47784,grace28bullockmcphersoncom,20210109,httpsnielseninfo
835,0c513bE2Ef3E658,Charlotte,Spencer,Chambers Ltd,Port Tyronemouth,Antigua and Barbuda,13186513240x85546,0017825878681x10785,ashleyrubioholderorg,20200701,httpfarleybiz
836,bBEEd0afFa68EDa,Eduardo,Schultz,Valdez Pierce and Compton,Christianbury,Lao Peoples Democratic Republic,18111915436x801,3147431707x00308,monique25scottcom,20200402,httpswwwballoneillnet
837,6140fD9b8bEf5da,Adrienne,Medina,Benitez Wilkinson and Mooney,Darrellstad,Nepal,2359699770,6823334195,edwardsjoycefreemanchanginfo,20220328,httpswwwfrenchbennettcom
838,7c71384AabBEd7a,Darrell,French,Macias Dodson and Blackwell,Vegaview,Malaysia,0018776080266x60716,7150986570x16433,mayerdarylkruegercom,20200219,httpwwwbaxterhollowaycom
839,a5cAAaeD7Bc74Ba,Rodney,Dunn,Poole LLC,Hardingshire,El Salvador,5856207194,9803033818,candacecalderongreencom,20201224,httpswwwmeadowscom
840,Accc1dd8fafEbfA,Bryan,Sampson,ClarkMurray,Stricklandborough,United States of America,0019376873361x3635,0010718151646x012,allison44bonillaschmidtinfo,20210206,httpswwwarnoldcom
841,78B0329Ce7DeDea,Gregory,Baxter,Levine Inc,Schultzfort,Senegal,0701062837,0274199683,mcochranwoodsnortonorg,20200824,httpwwwhoopercom
842,724a0B2081Bf67B,Edgar,Norman,GouldHeath,Lake Kayleeville,Yemen,1168256659,6964118487,orangelbennettcom,20220504,httpcrawfordcom
843,064ae539Cc1BA9C,April,Garner,Mckay Moody and Rowland,Erikamouth,Hong Kong,2367508118x7379,7185129681x39087,maloneclaytonfigueroaorg,20220303,httpswwwnoblewarnercom
844,AD06dc859BACdBC,Mercedes,Bush,DaviesJohnson,North Katelyn,India,4557338072,0017823497303x7846,patricia64ballardcom,20200204,httpswwwterrellshafferinfo
845,5aDDF9dF3CD1E1b,Theresa,Randolph,GilmoreCarr,Janicefort,British Virgin Islands,6517318085x65555,6070684244x01659,hcortezgreenecom,20210727,httpswwwhousebiz
846,2ae4f6e677f1FEF,Tom,White,Golden Guzman and Webster,Lake Sean,Reunion,5830049289x49426,4833773430,moniquemcneildudleycom,20210227,httpswwwsalinasbiz
847,F05cA3cFf1Ed285,Tiffany,White,Jacobs Griffin and Fuller,Pambury,Qatar,0347090999x48553,14627602168x18808,dorisfritzcurryorg,20210907,httploverossinfo
848,9a7Cbd5055ceB62,Lacey,Clark,WellsRiley,West Lydiamouth,Belgium,6820615849,5294961202,mcbridebradkirkcom,20200216,httpmayoclinenet
849,DcA3aBa0cEF4342,Gail,Thornton,Hines Group,Julieport,Cocos Keeling Islands,19661277839x7355,4063955111x58645,melinda57phamcom,20211115,httpcarsoncom
850,cEAcd7EB0dF56B7,Leslie,Figueroa,NorrisRandall,Dillonmouth,Zimbabwe,7056815759x767,9668068772,geoffreysteeleriosmorrownet,20200223,httpwarecom
851,Dbff2b9BD9220BC,Katie,Mcintosh,Gibson and Sons,New Darrenfort,San Marino,0019623479603x708,2512364487,stephenharperwallcom,20210716,httpcurrycom
852,89A9A525b79da34,Kelly,Bradshaw,Horn Sherman and Barry,West Raven,Uganda,5621023959,7385545652x77218,tgillnovakpattoncom,20210618,httpleachcarlsonnet
853,1af73b0bE86AeeF,Blake,Avila,Bernard Inc,New Frances,Morocco,0130201516,7294504459x22920,alexander77mcdonalddanielinfo,20200622,httpwwwmosleycom
854,8054ECF4eF1CeF2,Jesse,Miranda,Johnson Group,Ellisland,Nigeria,5866615901x98348,9346311917x83004,richmondkeithkelleyyoungcom,20200824,httpacostagrimescom
855,26E14acEb9c3dE4,Kristi,Thompson,Lyons Arroyo and Nash,New Lanceview,Antigua and Barbuda,8240496302,15123249946x4313,ericaleestanleywallernet,20200915,httplawsondeleoncom
856,D4Aa5659f26c836,Isabel,Snow,Cook Lee and Maldonado,North Lynntown,Cyprus,1327332938x347,7830053591,ralphmcdonaldwarebryanbiz,20200311,httpsmaysgentrynet
857,53a3B3aA7e63a0F,Donna,Sims,Buckley Bond and Parsons,North Davechester,Pakistan,0017790198697,9621505047x254,mackenziemaldonadocoloncom,20210123,httpsfritzcom
858,0ddacBAAcFA4C2f,Connor,Thomas,WilcoxEdwards,Janiceview,Austria,9587117807,9301000196x267,darrylluceroherreramelendezcom,20201113,httpswwwgoldencom
859,dfAFEdCbf5D7ce4,Chloe,Hanson,Nguyen PLC,Daisytown,Svalbard  Jan Mayen Islands,2760825145x32289,8279004869,mullinsritawhitneyfreycom,20211114,httpsjimenezinfo
860,590a7D15caCe9eD,Drew,Guzman,Chung Ltd,West Kirkbury,Guatemala,10839305354,0199677463x251,morrisonannlevygillespiecom,20210312,httpsbaileylangorg
861,8deC6E8057ABfE9,Clifford,Conway,French LLC,Brandtshire,Chad,9118985670x6524,7907877431x7989,kerrynewmanwaltersherreracom,20210512,httpscolemanklinecom
862,4aC6cE57Dc887bE,Ashlee,Carney,Fitzgerald Rios and Stewart,Fullerbury,Estonia,6195341447,10725334381,vguerranewmanhigginscom,20210204,httpwwwhuffmanhowardcom
863,E9a689c736ef033,Jackie,Mccullough,Davidson Inc,West Randallshire,Guatemala,0014087103110x07304,2176543746x348,spencergallowayriverscom,20220306,httpswwwzavalastephensoninfo
864,F82b6FDf077E8c7,Crystal,Dougherty,RodgersKelly,Alfredshire,Swaziland,12386362070x8867,0692518838,stuart08grantcom,20220126,httpsbarnesnet
865,0BCe8B6CCbdF701,Caitlyn,Tapia,Farley LLC,Ewingchester,Anguilla,4714761575,13346871448,cartersallymooncom,20210414,httpsmorseelliscom
866,3d4AEe4F87bccd1,Brenda,Estrada,Lee Pearson and Parsons,South Gilbertmouth,Mali,7013284420x6558,0197412485x312,hardinrebekahburtonorg,20200217,httpmarksinfo
867,2Ba8B54fb7a9cDB,Tina,Andrews,Dickerson and Sons,Charlenebury,Chile,17104674230x82225,0015719137568,karlflynnrileycom,20220203,httpsconwaylowerycom
868,57D3fEC7aAeCEDc,Andre,Cunningham,Cervantes Inc,Lake Jesus,Liberia,9245527169x9565,7340127214x530,juliannguyenherreracom,20200305,httpswwwleonardcom
869,E0BD8d8E73348Ba,Jesus,Abbott,Pratt Durham and Conley,Port Jermaine,Jamaica,6682148764,10890297613,pkentgillespiecom,20201107,httpwwwconleycom
870,05CeeD0bFdFf4Ef,Kendra,Bishop,Vasquez PLC,Maysberg,Armenia,12241754327x551,0012938680149x1904,greg54vangcom,20210713,httpsvargascom
871,Ba74a4190Ea89fD,Tyrone,Ayers,Welch Inc,Bryantland,Barbados,15120949201x7349,8714802755x75849,pamelatorreswalshcom,20200912,httpballardcom
872,1fBDc535F57Cd32,Isaiah,Andersen,Lang Solis and Cunningham,Laurieport,Oman,4692407284x79805,8551288042x85935,vparrishmarshkanecom,20210502,httpsmacdonaldcom
873,aAba4dc4C0AA9dc,Shelia,Rojas,Conley Moody and Maddox,West Ana,Marshall Islands,9432056051,5798510067x476,gonzalezkaridominguezcom,20210511,httpswwwmeyerscom
874,ab25b3a4dACFB72,Donald,Arnold,Dunn Holt and Flowers,Bonnieport,Congo,0291443636x4543,1892071818,isaiahescobarwyattbaxternet,20210430,httpmerrittcom
875,9dc1CBC08CD5fFc,Kaitlin,Fowler,Merritt Duarte and Marshall,Wilkinsonton,Georgia,7598502425x488,16978818845x9165,nathan99patelnet,20200626,httpswwwblaircom
876,9a100203128534C,Mallory,Browning,Yang Waller and Castillo,Lake Faithton,Equatorial Guinea,4499138622x010,0784563085,rfullerhaysorg,20200116,httpwwwdaystevensonbiz
877,4A1ff961e9Dc6aA,Cathy,Compton,Lara Ltd,Johnstonfurt,Somalia,6923087155x60161,0011459644569x6935,kathleen13cobbdurhambiz,20210531,httpwwwcoxcom
878,D5E2D45D2b42BFF,Larry,Blanchard,MaciasCole,Trujilloside,Isle of Man,3448796265x2915,0019237058109x399,rhondachanghoopercom,20220314,httpwwwonealstewartnet
879,7d4B6DA49e3D315,Robert,Henderson,Cuevas Group,East Kristy,Mauritius,0023346601x96537,4680788727,bauerfernandolesterbaldwininfo,20220412,httpwwwlunainfo
880,e82B74D5DD08Eda,Glen,Simon,Cruz and Sons,Lake Marcfurt,Zimbabwe,6161289143,6470753417,rbrownblaircom,20210603,httpwwwtapiacom
881,d0D239b1D4FFC05,Holly,Nelson,Valentine Ltd,Monicatown,Christmas Island,0010889493404x580,5503770377x04143,sarah29mcdonaldbiz,20210110,httpsortegavasquezbiz
882,d1335FA9C3F7deE,Erin,Wall,Richards Ltd,Hancockburgh,Korea,0214748646,6092127036,finleyangiecarsonmedinacom,20211225,httpsharrellbiz
883,CC6DEE7BAfA2b0C,Chloe,Durham,Colon LLC,Derrickland,Guyana,2812384266x80391,6914959793x043,isabel97smallpopenet,20220328,httpswwwreesenet
884,3E5fe1dB04d9d64,Jeanette,Schwartz,MendozaGarrison,Jeffport,Suriname,0019204677130,3517187852x72460,brittany40hojenkinscom,20200112,httpwwwleachsparkscom
885,F5F0d6B7dBEc22E,Max,Clements,PhillipsStanley,Riosville,Haiti,19183977603x7533,0013041111399,garyglennrichardkirbyinfo,20210210,httpsmcdonaldcom
886,8afAf9c570aBeE7,Julie,Coffey,Walls Inc,East Elizabethfort,San Marino,6486675654,0014658202734,wbradyhayescom,20200309,httpswwwelliottinfo
887,3Fe2CbaE30bdF77,Regina,Gilmore,Wright Rogers and Chandler,Bellchester,Northern Mariana Islands,12832891603x6932,8362352815,joannejohnsrichbiz,20200420,httpwwwpaulduartecom
888,7bEBEE4079e5ABb,Lacey,Stark,JeffersonLarson,East Emily,Switzerland,3204843368,0019918756405x8957,vcombscurrybenjamincom,20200909,httpballpattersoncom
889,fcb32CfCCaE054C,Devin,Jefferson,MoyerMartinez,Dickersonville,Argentina,5386463674x42522,2760082768x98103,tdanielscordovabairdnet,20200819,httpwwwoconnellburgesscom
890,DcEbb7E5B6CAcB6,Shawna,Spencer,GallegosEaton,Kelliville,Malawi,1131981232x349,0767983021x30563,morgan50phelpsowenscom,20211224,httptannercom
891,48d073fdcFBcbBE,Edgar,Meyers,Ochoa Durham and Fowler,Miguelhaven,French Southern Territories,0011912979239x9405,0986198473x99319,robersoncliffordbyrdsalascom,20220225,httpwwwjoycemcconnellorg
892,806DBC6fcaF0E9D,Levi,Larsen,DavenportRoy,Costaville,Cayman Islands,7412704555x931,4630034334,brandihickmanlyonscom,20201202,httpsbriggsnet
893,5CAC1538292a55D,Victor,Simon,WashingtonHorne,Maddoxland,United Arab Emirates,3846242077x889,9362140219x94714,teresaholtcoffeyinfo,20211109,httpsfryeorg
894,690D995dAF9f4c4,Lacey,Boone,KimNash,Lake Craigchester,Belize,15032877815x72275,13424041262x4092,estuartsteincom,20211118,httpsespinozacom
895,a90DaCCBF50263f,Chelsea,Lester,Vaughan and Sons,Taylorport,Nepal,5604421117x162,5177466425,murrayericmcgrathcom,20210515,httpwwwwilliamsbiz
896,FCe3d4F91F1f9cF,Dominique,Benjamin,BrooksEstrada,Jimmybury,Liechtenstein,0259698906,9119285609,jackson23ashleycom,20210915,httpwwwhocom
897,fc326c8DcEC2EcD,Cheyenne,Marshall,MolinaLove,Waltershire,Aruba,17849042626x326,3913899541x65591,debbiedeleonbarberflynninfo,20211107,httpwwwroweflorescom
898,d268cFcCA1f1ffA,Frances,Vance,Montoya Munoz and Riggs,North Evelynmouth,Ukraine,0010784236098x72526,0011539231964x7271,rlutzdodsonorg,20211031,httpswwwgalvancom
899,45e85eD91DE9cFb,Melvin,Todd,Padilla LLC,West Kristin,Mauritania,18792867868x85150,0018647837906,brian89caseyinfo,20220312,httpwwwmorsecom
900,a5C40E07EBd3875,Gilbert,Larson,Lambert Olsen and Kent,Vanessabury,Gambia,0013568726888,0019016984260,alexander26middletoncom,20220124,httpsabbottwongcom
901,40e1B08BeD056A3,Tim,Hawkins,FrederickRollins,New Maryfort,Saudi Arabia,4922863536x1095,7188299300,kenneth60mcgrathnet,20200901,httpswwwpacefernandezcom
902,c9c2C2AEc9caD3a,Peter,Glass,Lynn and Sons,New Herbert,Bahrain,17735769568x46072,1763033633x99718,pamela16tapiawolfbiz,20211225,httpgouldorg
903,a633a7f3C9B5Dc6,Dan,Shepard,TuckerHensley,East Shelleyfurt,Gabon,13806803322x12351,15224049694x0404,richardkatherinefieldscom,20220429,httprosecom
904,5162a6aE402a0c6,Crystal,Garcia,Norman Church and Cortez,Port Calebhaven,Armenia,4035296844x329,9336192314,ymejiawolfevargascom,20200607,httpsbonillablankenshipcom
905,DDbFba721AC7d3d,Helen,Diaz,Haney Wong and Hines,Sloanstad,Sri Lanka,0011493261812x189,7125285679,ethorntonfranciscom,20211220,httpschoiinfo
906,86adca7aC49faC8,Christine,Cervantes,Greer Buckley and Macdonald,Billytown,TimorLeste,12186340508x106,4579566650x81328,alexander60brucenet,20210110,httprochayatescom
907,AFfCe84Edb17adc,Jeffery,Zhang,Merritt Adkins and Hendricks,Port Jodi,Angola,3337900532x37031,1754187271x29306,ujarviswattscom,20200514,httpshunternet
908,e5Fd9db6dF905EF,Mario,Nolan,StuartLivingston,North Dariusview,Vanuatu,5760852510x50951,0195192065x731,pamelanealvalenciacom,20200730,httpssheabiz
909,8e1C3eFE6EB28A5,Abigail,Cochran,Valentine Foster and Church,North Shannon,Switzerland,10153303044x9291,0019947357201,elijahcherrymanncom,20200301,httplarsoncom
910,4357eFC7FB4439C,Darlene,Nelson,Haynes Rasmussen and Shelton,New Julia,Fiji,18551969418x81071,10267078897x5249,sbartonshepardcom,20210913,httpwwwhaleyorg
911,f9bAA2FC2A7e0eA,Dwayne,Davidson,Crosby Inc,Campbellside,New Caledonia,6083181360x5790,19974561046x2652,johnsonterrypowersnet,20201114,httpswwwjohnstoninfo
912,d0EDae6aC12133F,Gregory,Osborne,DavidsonCollins,Gabrielleside,Romania,5124962505,19321002025x302,maureenstanleynolancom,20200716,httpwwwclaymckinneynet
913,8B4cDEf8Fc9EA89,Latoya,Clements,Russell LLC,Orrview,Congo,8855650844,0010763514658x438,edownscanturodgerscom,20220516,httphuberorg
914,8dB73bC702FeAbc,Brooke,Savage,Durham Prince and Cantrell,Theresaland,French Polynesia,9213363578,0474412042,jonathan71bushcom,20200402,httpwwwodomcom
915,418Cc64f9d2b3B6,Savannah,Grimes,Edwards Group,Shellyfurt,Guadeloupe,0584658134x2518,0014697632250x31910,diana73gilbertschneiderbiz,20200813,httpswwwbrauncom
916,344A16A0C7feBCf,Donna,Webster,Fernandez Wong and Briggs,Yvetteville,Comoros,0223692480x0199,5912502798x13722,krausetombuckleyorg,20220310,httpherreracom
917,A8c388CC47DcF22,Jim,Ochoa,Watts Yates and Sutton,South Tom,Greece,0011971675644x088,4825645981x40751,carlosodomschultzorg,20200323,httpproctormartincom
918,DBFCf4ef29d36d3,Leslie,Spencer,French Estrada and Decker,West Ralph,China,0017387967880x03902,10145089395x979,huffcaitlyncharlescom,20211130,httpscrawfordcom
919,b29BB98128A42eb,Ariana,Harmon,SteeleOsborne,North Collin,Lesotho,8797608633x890,0019077531039,joshua45dillonorg,20200118,httpswwwgarcianet
920,0Bb3cBf4c51Bdd6,Paige,Wong,LamCardenas,Laurabury,United Arab Emirates,13070221642x87860,6098681748,hammondcaitlynaguirrebiz,20220322,httpswilliamsnet
921,241B20c8a30746b,Darryl,Burnett,AcevedoDrake,Mckenzieton,Ecuador,13638730767x6275,1398994730x7149,emercadoboonecraigcom,20211230,httpsspearsnet
922,aA5c0F4dedefEf2,Kristopher,Glass,Weeks Ltd,Hancockshire,Lithuania,17023195627x093,4659494283,aprilblevinscummingsparrishinfo,20200325,httplecom
923,d6cfDDFe3fd72CE,Michael,Huff,Carroll Ballard and Zhang,West Bryan,Luxembourg,3496859860x3658,7088506668x4551,traci55goldencom,20200812,httpscervantescom
924,D8F2ccd0f4bEceA,Douglas,Wilkerson,SalazarKelley,New Marcus,Netherlands,0012885806595x26613,6737256143,epopepowellcom,20200524,httpsprestonwillisorg
925,753E24365A51CAC,Tanya,Howard,Pierce Riddle and Black,South Alisha,El Salvador,5695686926x10347,1310568351,kmeltonstrongbiz,20220327,httpwwwmartincom
926,F7DFD12cDbe29Ec,Christy,Franklin,LandryMartin,Oliviatown,Angola,6637699149x356,6009931088,coltonarellanoboylecom,20220415,httpwwwdurhambiz
927,eed3Be5e7A62DEF,George,Dorsey,CastilloLester,East Alan,Switzerland,8832773498,0913474216,villanuevaloganmurilloinfo,20210227,httpswwwstantonbiz
928,eBFbD846CcAE6bc,Colton,Nixon,Duncan PLC,Kanemouth,Ghana,13206914069x2667,18161839491x17634,nmcculloughvasquezinfo,20210815,httpsmortonkimcom
929,6e8f4DDbab9c73f,Daniel,Cobb,RichardsonWoodward,Haynesmouth,Anguilla,8611686984,4227477508,barbaranormanvazquezcom,20200128,httpshieldsbiz
930,3ecf04b7DBFCBD6,Cristian,Ball,Evans Mahoney and Campbell,Port Larryshire,Nauru,9856312105x524,4511429485,vwagnerblevinsalexanderbiz,20210805,httpswwwvelezcom
931,a3E9d65eaB46Ac9,Francis,Goodman,OrtizMorgan,Lake Thomas,Afghanistan,1185784457x94867,0013232044852x177,marthayoungellisnet,20220208,httpsrowlandhendrickscom
932,220d9fFC0d86592,Dylan,Boyer,Little Stanley and Mcbride,New Bradybury,Anguilla,7822131004,2803828060,randy44raymondcom,20210130,httpsjenningsnet
933,53B031B713b45aC,Olivia,Cooke,Norton and Sons,New Andrea,Cayman Islands,7487879668x90728,0017379750395x11338,gbenderbrownbaxtercom,20200717,httpswwwstevensonbiz
934,6c59A2C1eF89B3B,Dana,Cohen,BridgesMoyer,Port Gavin,Andorra,5649930360x899,3674454888x448,herbertparkerwallacebiz,20220418,httpwwwmckaycom
935,C5a46C5E57D2a4F,Megan,Mills,Hale Elliott and Richard,Conradport,Montenegro,3756283997x70991,4085263227x55061,gavinhaasharrisonbartoninfo,20210409,httpkramerhenrycom
936,eccfaf82F414BFb,Daniel,Hurst,Cooper LLC,Livingstonview,Malaysia,2411008810x6119,12017512391x31859,saundersrileyaguilarcom,20211003,httpswwwriddlegoodwincom
937,dBBAff2e0aCCdF9,Danielle,Compton,Estrada Inc,Hamiltonton,Comoros,14983983416x21339,6535071523x8159,toddskinnerhartnet,20200510,httpwwwparsonsinfo
938,cFA09AcDD9F8c33,Mitchell,Mack,Ferguson Osborne and Lawrence,Lake Brooke,Colombia,1673609181x008,3952048583x8322,shannonmcfarlandcisneroscom,20200320,httpknappmcfarlandcom
939,E41Ac1BB8A764dC,Jessica,Mcknight,Walls Fitzgerald and Hill,Jimmouth,New Zealand,0016608744134x948,7303017370,jilldixonfrankcom,20220112,httpsoconnellinfo
940,dEABaFeF51dc23F,Tyrone,Marshall,Moran Walker and Riley,Nortonfort,Togo,18396027946x882,0515587671,carol33ayalachasecom,20210430,httpwwwjohnstonmcculloughinfo
941,E4efFE26A13a5AB,Greg,Allen,Cervantes Fuentes and Cunningham,North Sheilaland,Greenland,4362448885x6762,9672766280x635,aaron08daviesrushcom,20220505,httpwwwherringcom
942,13fFEAfb9f4DabD,Jill,Schultz,CantrellZimmerman,East Johnathanbury,Serbia,8462150904x846,6047963834,tterryclaytonnet,20201012,httpwwwsheabrookscom
943,4c8844EB97f0e75,Noah,Hall,GouldBird,Ninaton,Portugal,3350340871x88037,6491804223,don16crawfordnet,20200419,httpbuchananlanecom
944,5EE87b91F488bEF,Wendy,Melendez,Knox Cervantes and Thomas,Jeffreybury,Macao,4880324779x891,4659214541x92642,salinasericosborncom,20210524,httpwwwrichcom
945,2fa651E2e475327,Guy,Rush,White Ltd,Collinsland,American Samoa,1259274868,8593036586,theodorewatsonluceroochoacom,20200906,httpssotohenrycom
946,3F268B8b63a7Ee1,Monica,Joyce,Pham Murphy and Watson,Howardville,Burundi,3741809047,0010841028353x58108,dboyledonovaninfo,20220315,httpswwwjamescom
947,A5e1e33Ca19a55a,Lauren,Garcia,Frye Pacheco and Bowen,Kiarachester,Thailand,11423961658x989,0826086671x0624,penaleonmccoycom,20210217,httpwwwaguilarcom
948,daC7B2Ba7659be3,Louis,Norris,YatesEdwards,Hayleybury,Saint Barthelemy,2226478600x32096,4493149094x76869,lindsay05drakesanfordcom,20210718,httpsariasnet
949,F83cA67fFd871a5,Shelly,Rasmussen,Hooper Group,Lake Marvin,Netherlands Antilles,8556939892x347,6808620971,dorishaneymorsecom,20210709,httpswallerhumphreycom
950,B1BF2A6fe2fCb01,Dave,Espinoza,SampsonHorne,Jonesshire,Saint Kitts and Nevis,11799196141x7137,6242745372,josephpinedavillacom,20200301,httposbornecom
951,1B3be3D5fB55bb6,Beverly,Mayo,Ayala Group,East Alejandraland,Holy See Vatican City State,4509550268x4381,3105512582x5226,costabobdanielcom,20200128,httpsjamespruittcom
952,a9feB7dCD2FFd4e,Larry,Key,Riley Group,Mcdonaldchester,Guinea,0014069738446x255,8117586793,ygoodvaughncom,20200104,httpswwwarroyoschultzcom
953,43fe2d321B8C7B0,Jennifer,Mcguire,Rangel Ltd,Cameronfurt,Burkina Faso,11166314822,6116980803x58774,fnielsensotovillegascom,20220110,httpwwwflowersorg
954,bDfBAf9bbE8c03B,Olivia,Mills,Chase Ibarra and Gentry,South Christina,Ethiopia,1155923747,0018802500912x44124,bhoustonrosariocom,20200624,httpwwwhorngatescom
955,cfC46fCFF88DaF9,Loretta,Simon,Mcdowell Lester and Michael,Palmerport,Pitcairn Islands,4813655890x02793,4842105149x99149,tduffyhaneycom,20211015,httpswwwcrosbynet
956,27cAAd4e0DD5598,Janet,Stevens,Delgado Nixon and Nielsen,Perkinshaven,Mozambique,2956116638x365,0019284050118x51588,cesar60beancom,20201106,httpwwwbyrddoughertynet
957,48aACDdf7EECADe,Laurie,Hutchinson,CardenasLee,New Frankborough,Togo,4197575412x23780,2122305537x8818,georgegabriellaburchharrellcom,20200215,httpsyatescom
958,b8ef0f40D818b8D,Shelly,Green,RoseMccarthy,New Seanmouth,Jordan,6932447476x383,0213662089x277,johnathan92huffcom,20220428,httpquinncom
959,dCAEa0C51c5BC79,Curtis,Marsh,Hood and Sons,West Jeanette,Indonesia,5167984365,0078732549,alvinrivasmosleycom,20210928,httpswwwchambersvanginfo
960,dc9c71CeFaCBfc7,Molly,Prince,Chandler Marsh and Vaughn,East Mary,United States of America,2628948993,11214987310x62007,ewatkinsewingbrockorg,20210913,httpswwwholdercom
961,0E73a97E694aA57,Jaclyn,Mcmillan,RojasFloyd,Port Brentside,Portugal,12600193215x45757,2761393473x053,barry52herringbiz,20200507,httphollowaynet
962,a59571eD1ebab1B,Alejandra,Harding,HobbsWhitney,East Courtney,Northern Mariana Islands,8426654327,16675803130x391,uhaleypenacom,20200428,httpwwwyorkericksoncom
963,B8F7cfC1d62b18a,Angie,Salas,Downs and Sons,Lake Dwayne,Mauritania,5360833908,2677574190x37882,kleingreggmeltonnet,20211123,httpswwwmontgomerycom
964,b24e1FB162012BE,Krystal,English,SingletonSoto,East Mark,Philippines,9776240133,5161257005x76447,theodoreharpermeadowscom,20200409,httprioscom
965,d5c6BC7C1dc0FAf,Jenny,Chase,Carey LLC,Beverlymouth,Tanzania,4575023219,0019635509746x6835,nrosshodgecom,20211012,httpwwwsimpsoncom
966,511aEB7e064eBe7,Erika,Collier,Boyd Sweeney and Gilmore,North Dylan,Tajikistan,15102933320x16648,0436857754x819,lanedorothycooperinfo,20201012,httprubiogainesorg
967,6e4bf2f463Dbac6,Anthony,Meza,Gamble Inc,New Sheriborough,Martinique,9950498408,8830269172,latoyahendrickswheelermitchellinfo,20210605,httpnicholsorg
968,abCf34aEAe47beD,Alice,Choi,ReeseSuarez,Hollyside,Sri Lanka,0017559481608,5278991913,victor56glovercom,20200513,httpwwwaverycom
969,Bac32EfAEEEbbB2,Malik,Marks,Horne Ltd,Atkinsonberg,South Georgia and the South Sandwich Islands,0015661436121x376,2363216828,carrillotabithaleblanccom,20200420,httpwwwhartbiz
970,F2DB5BF7E37e69E,Ruth,Jensen,Villarreal Waller and Kerr,Glenmouth,Montenegro,3391530326x088,1041621167x279,morsebeverlyfarrellbiz,20200906,httpswwwmercercom
971,33AfECB93C9572B,Jack,Boone,WhitakerStewart,South Tammyfurt,Chad,5617469597x5175,6101221895,ashley91blevinscom,20200813,httpwwwromancom
972,16D51395c3EBE0e,Charlene,Zamora,HenryBender,Marthaland,Heard Island and McDonald Islands,6805689711x125,0018570394300x5292,sherryburtonrobinsoncom,20200125,httpswwwbarronsparkscom
973,F9F39Bfe4f410fB,Jorge,Mcgrath,Patterson PLC,Estradahaven,Bolivia,3508189538,0639706806x7912,hchambersbarrerabiz,20211105,httpswwwmoralescom
974,Ed05E52c79AD1F2,Tricia,Harris,Mcguire Inc,Lake Terri,Sierra Leone,9534489485x73256,9313890316,madeline80coopermiddletoncom,20200805,httpswwwaguilartuckercom
975,d2f7Eb743D22D4E,Tyrone,Nolan,Myers Ltd,New Brett,Indonesia,9587451433x206,7058319269x55241,meadowscarolsolisbiz,20200417,httpsmorseestescom
976,8Ac01DF5f9Fc86E,Arthur,Pugh,Hahn Nichols and Cortez,Collinton,San Marino,0013925206820x33647,1066514944,bryce90chambersnet,20200226,httpswwwsteincom
977,B514ed4fE9823f9,Kristie,Oconnor,Freeman Group,South Laurenberg,Northern Mariana Islands,2295506154,4766829875x74158,kellie08ariasnet,20200402,httpswwwfinleycom
978,347Bfe8615fF804,Albert,Acosta,Greene Ruiz and Mora,North Jacquelineville,Fiji,8386450952,9711111168x07544,caitlyn95hardycom,20210410,httpdorseyhamiltoncom
979,2141FBB77A7D2E6,Erin,Deleon,Weaver LLC,Charleneland,Holy See Vatican City State,0015186846850x328,15887690954x9474,gabriel69barrorozcoorg,20211109,httpswwwhornbiz
980,637675c8c0BA49e,Jasmine,Robles,KentSharp,East Normaview,Antigua and Barbuda,2031575411,5209767591,collinwernerterrellcom,20200611,httphammondcom
981,B44fd0024F9F853,Kendra,Zamora,Perez LLC,Bensonmouth,Lao Peoples Democratic Republic,5015861110x57986,7927198966,pecksamanthahubercom,20210825,httpwwwlambinfo
982,1dFa2Ae2BA1c6b7,Dakota,Salas,Greene Group,Coleburgh,Cook Islands,19753983312x6830,3273085754x49530,murillomarciawyattinfo,20210713,httpswwwgregoryhawkinsinfo
983,cEb0837433A348b,Jimmy,Wang,Bentley and Sons,Doughertyfurt,Russian Federation,7503226558,1140274583x291,fbarrettsteeleblanchardcom,20200601,httpsgarnerpiercecom
984,Ff2d5a11Cc04713,Lisa,Yates,Blair Group,Valeriehaven,United States Minor Outlying Islands,0019321822660x0209,19523881203,beverlyprestoncookfullerinfo,20200729,httpshubercom
985,fDeEA94e308E40B,Collin,White,SilvaWalters,Chenton,Bangladesh,1155941470,6325932961,andrea14transtevensorg,20211114,httpsnashorg
986,e847e7A59d5b79C,Brittney,Horn,Wall Inc,South Michael,Iraq,2016127730x83016,12513409359x188,rthorntonhendrixcom,20211017,httpwwwgilesbarronnet
987,e9d6Dbc37c7FEca,Maureen,Hurst,ReillyMonroe,Mosesberg,Mongolia,7574122039x9425,11577477793,wolfecodymarshallnet,20200105,httpblaircom
988,e4D86CB5ED2a7c6,Cynthia,Greene,Choi Ltd,Hancockchester,Ghana,0012416331236x0619,18168261774x7691,chad71blankenshiporg,20201202,httpsbridgesinfo
989,bafc42A5bdEdcCB,Maureen,Rivers,Patrick Inc,Maxwellborough,Guyana,7598124987,9637058521,duncanericsalashufforg,20200516,httpchungorg
990,10f6fe41F7f714c,Garrett,Villa,Meadows Lowe and Brennan,Calebbury,American Samoa,2389727132x0187,1268344569x7645,duncanpedrohigginsmaldonadocom,20200227,httpsbriggsvillacom
991,d9f860f54bF823e,Bill,Richards,Grant Inc,South Shellyview,Liechtenstein,6342905807,7382873938,roger88holdencom,20220301,httpnortonbuckcom
992,aB56cEcDBa37C34,Kiara,Moon,OlsenMorse,Hesterburgh,American Samoa,0014141020839x208,6636989231x994,paynestevennguyenrichardsoncom,20201205,httpyangorg
993,b87FD93cE2b0D61,Colin,Kaufman,Myers Group,Aaronfort,Isle of Man,3367845689x056,8242528040x713,robersonjanicepetersonherringcom,20211004,httpswwwrobersonknapporg
994,0DC07FbBC85ac2C,Evan,Marsh,Orozco Valenzuela and Warren,Lake Darrellshire,Philippines,0019253573563,1303345158x9385,julia00mcclureinfo,20200209,httpsturnergilesbiz
995,c9c09BdD3c9de1a,Kristie,Rice,Harper Ltd,East Leslie,Guinea,4200976464,17660570583,joycecombsguerraburnscom,20211206,httpswwwpenacom
996,FbcCaF483aFaFAE,Diana,Monroe,BassWilson,Lake Jacksonmouth,Guatemala,11717159766x54993,4894137296x32807,cassidymercadobonillacom,20220109,httpcastronet
997,979c4D58Ae9a9cc,Jerry,Morales,PrattKing,South Dominiquemouth,Georgia,1322538501x097,13012928363x80270,gavin13logandownscom,20210821,httpswwwbrauninfo
998,D0DcF6a4BcefCc8,Tracie,Floyd,Holt Wilson and Shields,East Chloeshire,Solomon Islands,1193982387,4829268966,lowehaileyoconnororg,20200422,httpwwwzavalarubiocom
999,90EE9CbbDa374E9,Paul,Barnes,Brown Oliver and Haynes,South Shane,Finland,15374663245x3699,7918359075,hodgeseddiehardinwellscom,20210312,httpsstonerandolphinfo
1000,51732B5b2328015,Dominic,Duran,Durham LLC,East Wendy,British Indian Ocean Territory Chagos Archipelago,12787584331,8148600941x057,owarnervelasquezinfo,20211209,httpwwwcoxcom
